session_id,pages_viewed,purchase,order_euros,search_ad,affiliate,other_source,cat_source,returning,mac,us
508757,3,1,48.9,1,0,0,search_ad,1,0,1
504661,7,0,0.0,0,0,1,other,1,0,0
506096,4,1,78.64,0,0,1,other,1,0,0
500305,14,0,0.0,0,0,1,other,0,0,0
508242,2,0,0.0,0,0,1,other,0,0,0
509578,4,0,0.0,0,0,1,other,0,0,0
501036,6,0,0.0,0,0,1,other,0,0,1
509977,1,1,54.24,0,0,1,other,1,0,0
507873,6,0,0.0,0,0,1,other,0,0,1
508342,1,0,0.0,0,0,1,other,1,1,1
510915,27,1,67.05,0,0,1,other,1,1,1
505816,6,0,0.0,0,0,1,other,0,0,0
511299,1,0,0.0,0,0,1,other,0,0,1
514445,15,0,0.0,0,0,1,other,1,1,1
508671,4,0,0.0,0,0,1,other,0,0,0
503129,6,1,12.22,0,0,1,other,0,0,0
505515,6,0,0.0,0,0,1,other,0,1,0
508499,4,0,0.0,0,0,1,other,0,1,0
511493,14,1,104.41,0,0,1,other,1,1,1
505029,12,1,42.1,0,0,1,other,1,1,0
506880,5,0,0.0,0,0,1,other,0,0,1
509813,9,0,0.0,0,0,1,other,0,1,0
512037,2,1,36.76,1,0,0,search_ad,1,0,0
511409,3,0,0.0,1,0,0,search_ad,0,0,0
503624,5,1,32.27,0,0,1,other,1,0,1
508255,8,0,0.0,0,0,1,other,1,1,1
505157,2,0,0.0,0,0,1,other,0,0,0
507541,15,1,59.59,0,0,1,other,1,0,1
507498,2,0,0.0,1,0,0,search_ad,0,0,1
507388,2,0,0.0,0,0,1,other,0,0,1
502313,4,0,0.0,0,0,1,other,1,1,1
505665,3,0,0.0,1,0,0,search_ad,0,0,0
515325,3,0,0.0,0,0,1,other,0,0,1
505141,9,1,55.51,0,0,1,other,0,1,1
500938,14,1,47.02,0,0,1,other,0,1,1
500709,5,0,0.0,0,0,1,other,0,0,0
506152,4,0,0.0,0,0,1,other,0,0,0
513874,2,1,123.4,1,0,0,search_ad,0,1,1
513093,12,0,0.0,0,0,1,other,0,0,1
512901,6,0,0.0,0,0,1,other,1,1,1
504102,3,0,0.0,0,0,1,other,1,0,1
502930,1,0,0.0,1,0,0,search_ad,1,0,0
505704,4,0,0.0,0,0,1,other,0,0,1
512020,2,0,0.0,1,0,0,search_ad,0,0,0
513477,10,0,0.0,0,0,1,other,0,1,1
507614,4,0,0.0,0,0,1,other,0,0,1
512675,2,0,0.0,0,1,0,affiliate,0,0,0
507661,12,0,0.0,0,0,1,other,0,0,0
510646,7,1,72.17,0,0,1,other,0,1,1
510507,3,0,0.0,0,0,1,other,0,0,0
501490,2,0,0.0,0,0,1,other,0,1,0
506423,2,0,0.0,1,0,0,search_ad,0,0,0
501088,3,0,0.0,0,0,1,other,1,0,1
501399,5,0,0.0,0,0,1,other,0,1,1
500089,5,0,0.0,0,0,1,other,0,1,1
509203,1,0,0.0,1,0,0,search_ad,0,0,1
512086,8,0,0.0,1,0,0,search_ad,1,0,0
507566,16,0,0.0,0,0,1,other,0,1,1
510743,7,1,72.51,0,0,1,other,1,0,1
515578,2,1,58.3,0,0,1,other,0,0,0
513505,8,0,0.0,1,0,0,search_ad,1,1,1
509442,8,0,0.0,0,0,1,other,1,0,1
502596,5,0,0.0,0,0,1,other,0,0,0
508586,8,0,0.0,0,0,1,other,0,0,0
508764,4,1,175.21,0,0,1,other,0,0,1
506349,10,0,0.0,0,0,1,other,1,0,0
503014,2,0,0.0,0,0,1,other,0,0,0
502743,5,0,0.0,0,0,1,other,0,0,1
514392,10,0,0.0,0,0,1,other,0,0,0
509630,6,0,0.0,1,0,0,search_ad,1,1,0
500124,2,0,0.0,1,0,0,search_ad,0,0,0
504401,5,1,26.61,0,0,1,other,1,0,0
512500,2,1,69.66,0,0,1,other,0,0,1
509385,4,0,0.0,1,0,0,search_ad,0,0,0
504788,2,1,46.4,0,0,1,other,1,1,0
509708,4,0,0.0,0,0,1,other,0,0,0
509213,1,1,27.14,1,0,0,search_ad,0,0,0
507133,1,0,0.0,0,0,1,other,0,0,1
504601,6,0,0.0,0,1,0,affiliate,1,0,1
510913,3,0,0.0,0,0,1,other,1,0,0
514017,7,0,0.0,0,0,1,other,0,0,1
500102,1,0,0.0,1,0,0,search_ad,0,0,0
505548,1,0,0.0,1,0,0,search_ad,0,0,0
501715,14,1,79.67,0,0,1,other,1,1,1
512009,2,0,0.0,0,0,1,other,0,1,0
512291,12,0,0.0,0,0,1,other,0,0,1
504059,4,1,39.32,0,0,1,other,1,1,1
508487,1,0,0.0,0,0,1,other,0,0,1
510992,1,0,0.0,0,0,1,other,0,1,0
504668,11,0,0.0,1,0,0,search_ad,1,0,1
504101,13,0,0.0,0,0,1,other,1,1,0
504094,7,0,0.0,1,0,0,search_ad,0,0,1
513242,6,0,0.0,0,0,1,other,1,1,1
508705,4,0,0.0,0,0,1,other,0,0,0
511450,3,0,0.0,0,0,1,other,0,1,0
505485,7,0,0.0,0,0,1,other,0,1,0
505906,2,0,0.0,0,0,1,other,1,0,1
513489,2,0,0.0,1,0,0,search_ad,0,1,0
515396,9,0,0.0,1,0,0,search_ad,0,1,1
515847,2,0,0.0,1,0,0,search_ad,0,0,0
500151,7,0,0.0,0,0,1,other,0,0,1
506342,11,0,0.0,0,0,1,other,0,0,0
503064,3,0,0.0,1,0,0,search_ad,0,0,1
505130,5,0,0.0,1,0,0,search_ad,0,1,1
510147,7,0,0.0,0,0,1,other,0,0,0
505804,5,0,0.0,0,0,1,other,0,0,0
505800,6,0,0.0,0,0,1,other,0,1,1
504780,3,1,26.56,0,0,1,other,0,0,1
502938,6,1,36.55,0,0,1,other,0,1,0
514054,3,1,29.74,0,0,1,other,1,0,0
506293,5,0,0.0,1,0,0,search_ad,0,1,0
501327,4,0,0.0,0,0,1,other,0,0,0
511144,2,0,0.0,0,1,0,affiliate,0,0,1
508140,3,0,0.0,0,0,1,other,0,0,0
500933,11,0,0.0,0,0,1,other,0,0,1
514111,1,0,0.0,1,0,0,search_ad,1,0,0
501723,1,0,0.0,1,0,0,search_ad,0,0,0
506428,6,0,0.0,0,0,1,other,0,1,0
512873,3,0,0.0,0,0,1,other,0,0,0
510425,4,0,0.0,1,0,0,search_ad,1,0,1
500170,11,1,45.73,0,1,0,affiliate,0,0,1
511058,4,1,57.58,0,0,1,other,1,0,0
508721,2,1,46.48,0,0,1,other,1,1,0
507692,7,0,0.0,0,0,1,other,0,0,1
509368,12,1,109.56,0,0,1,other,1,0,1
507977,5,0,0.0,0,0,1,other,1,1,1
505380,4,0,0.0,0,1,0,affiliate,0,0,0
506224,6,0,0.0,0,0,1,other,0,0,0
501806,3,0,0.0,1,0,0,search_ad,0,1,1
508973,4,1,44.18,0,0,1,other,0,0,0
508094,8,0,0.0,0,0,1,other,1,1,0
510975,2,0,0.0,0,0,1,other,0,0,1
513805,2,0,0.0,1,0,0,search_ad,0,0,0
504521,2,0,0.0,1,0,0,search_ad,0,1,0
510112,8,1,28.59,0,1,0,affiliate,0,1,0
511915,3,0,0.0,0,0,1,other,0,0,0
512418,5,1,25.1,0,1,0,affiliate,0,1,0
511479,7,0,0.0,1,0,0,search_ad,1,0,1
504216,8,1,79.72,0,1,0,affiliate,1,0,1
513144,3,0,0.0,0,0,1,other,1,0,0
508656,18,0,0.0,0,1,0,affiliate,1,0,0
510740,9,0,0.0,1,0,0,search_ad,1,0,0
510495,8,0,0.0,0,0,1,other,0,0,1
503680,9,1,76.63,0,0,1,other,1,0,1
505362,4,1,22.68,0,0,1,other,1,1,0
507786,5,0,0.0,0,0,1,other,0,0,0
508292,3,0,0.0,0,0,1,other,0,1,0
514151,4,0,0.0,0,0,1,other,0,0,0
515023,12,0,0.0,0,0,1,other,0,1,1
513196,1,1,98.05,1,0,0,search_ad,0,0,0
507666,2,0,0.0,0,0,1,other,0,0,1
513599,1,0,0.0,1,0,0,search_ad,0,1,0
501594,1,0,0.0,0,0,1,other,1,1,0
507643,3,0,0.0,0,0,1,other,0,0,0
504129,15,0,0.0,0,0,1,other,0,1,1
503920,2,1,34.09,0,0,1,other,1,1,1
513687,3,0,0.0,1,0,0,search_ad,1,0,0
511397,1,0,0.0,1,0,0,search_ad,1,0,1
501535,5,1,42.46,0,0,1,other,0,0,0
513981,1,0,0.0,0,0,1,other,0,0,0
502454,6,0,0.0,0,0,1,other,0,1,1
501347,4,0,0.0,0,0,1,other,0,0,0
510096,6,0,0.0,1,0,0,search_ad,1,1,0
502239,4,0,0.0,0,0,1,other,0,1,0
512264,4,0,0.0,0,0,1,other,0,0,0
501164,12,1,38.41,0,0,1,other,1,0,0
512682,2,0,0.0,1,0,0,search_ad,0,1,0
504075,1,0,0.0,1,0,0,search_ad,0,0,0
509603,5,1,23.78,0,0,1,other,0,0,1
514118,12,0,0.0,1,0,0,search_ad,0,0,1
502096,4,0,0.0,0,0,1,other,0,1,0
513524,3,0,0.0,0,0,1,other,0,0,0
513978,3,0,0.0,0,0,1,other,1,0,1
507293,1,0,0.0,0,0,1,other,1,0,1
506715,4,0,0.0,0,0,1,other,0,0,1
514136,7,0,0.0,1,0,0,search_ad,1,1,1
500292,4,0,0.0,0,0,1,other,0,0,0
508541,4,0,0.0,0,0,1,other,0,0,0
500736,2,0,0.0,0,0,1,other,0,0,0
501963,1,1,71.67,0,0,1,other,0,0,0
505373,1,0,0.0,1,0,0,search_ad,1,1,0
501227,2,1,73.36,0,0,1,other,0,0,1
512588,15,0,0.0,0,0,1,other,0,0,1
503985,2,0,0.0,0,0,1,other,0,0,1
512891,2,0,0.0,1,0,0,search_ad,1,1,0
506088,6,0,0.0,0,0,1,other,1,0,0
513677,2,0,0.0,1,0,0,search_ad,0,0,1
504405,4,0,0.0,0,0,1,other,1,1,0
506217,1,0,0.0,1,0,0,search_ad,0,0,0
515366,3,0,0.0,1,0,0,search_ad,0,0,0
513628,1,0,0.0,0,0,1,other,0,0,0
514114,4,0,0.0,1,0,0,search_ad,0,0,0
510264,8,1,31.11,0,0,1,other,1,0,0
500829,4,0,0.0,1,0,0,search_ad,1,0,0
507862,1,0,0.0,0,0,1,other,0,0,1
511327,3,0,0.0,1,0,0,search_ad,1,0,1
508595,3,0,0.0,0,0,1,other,0,1,1
513663,3,0,0.0,0,0,1,other,0,1,0
504046,5,0,0.0,0,0,1,other,0,0,1
502727,2,1,114.22,0,0,1,other,0,0,0
504126,15,1,70.43,0,0,1,other,1,0,1
506821,8,0,0.0,1,0,0,search_ad,0,0,1
515483,6,0,0.0,0,0,1,other,1,0,1
507733,5,0,0.0,1,0,0,search_ad,1,0,0
509320,2,0,0.0,0,0,1,other,1,0,1
503785,1,0,0.0,0,0,1,other,1,0,0
505313,5,0,0.0,0,0,1,other,0,1,0
514048,1,0,0.0,0,0,1,other,1,0,0
510008,2,0,0.0,1,0,0,search_ad,0,1,0
505364,3,1,60.46,0,0,1,other,1,1,1
502127,4,1,43.88,0,0,1,other,0,0,1
508607,1,0,0.0,0,0,1,other,1,0,0
511634,8,1,34.45,0,0,1,other,0,1,1
508232,6,0,0.0,0,0,1,other,0,0,1
502405,9,0,0.0,0,0,1,other,1,0,0
500658,5,0,0.0,0,0,1,other,0,0,1
509956,13,1,64.32,0,0,1,other,1,0,1
510047,4,0,0.0,0,0,1,other,1,0,1
508188,9,0,0.0,0,0,1,other,1,1,0
515594,1,0,0.0,1,0,0,search_ad,1,1,0
513277,2,0,0.0,0,0,1,other,0,0,0
510632,1,0,0.0,0,0,1,other,0,0,0
508016,5,0,0.0,0,0,1,other,0,0,1
507104,2,0,0.0,0,0,1,other,0,0,0
510141,4,1,63.62,0,0,1,other,0,0,1
514911,5,0,0.0,0,0,1,other,0,1,1
512561,3,0,0.0,0,0,1,other,0,1,0
514741,1,0,0.0,1,0,0,search_ad,0,0,0
511248,2,0,0.0,0,0,1,other,0,0,0
509738,2,0,0.0,0,1,0,affiliate,0,1,1
508511,5,0,0.0,0,0,1,other,0,1,1
508147,2,0,0.0,0,0,1,other,1,0,0
509217,10,0,0.0,0,0,1,other,0,0,0
501489,2,0,0.0,0,0,1,other,0,1,0
512691,5,0,0.0,1,0,0,search_ad,0,0,1
501656,11,0,0.0,0,0,1,other,0,0,1
509452,5,0,0.0,0,0,1,other,1,0,0
502128,3,0,0.0,0,0,1,other,0,1,1
510910,2,0,0.0,0,0,1,other,1,0,1
508819,2,1,62.19,0,0,1,other,0,0,0
500427,5,0,0.0,0,0,1,other,0,1,1
508352,1,1,60.53,0,0,1,other,0,1,1
511730,1,0,0.0,1,0,0,search_ad,0,0,0
515990,12,0,0.0,0,0,1,other,0,0,1
512690,6,0,0.0,0,0,1,other,0,0,1
501079,2,0,0.0,1,0,0,search_ad,1,0,0
505934,8,0,0.0,1,0,0,search_ad,1,1,0
509569,5,0,0.0,1,0,0,search_ad,0,0,0
505611,3,0,0.0,0,0,1,other,1,0,0
509113,1,0,0.0,0,0,1,other,0,1,0
510666,9,1,68.64,0,0,1,other,0,0,0
500128,8,0,0.0,1,0,0,search_ad,1,1,0
510561,4,0,0.0,0,0,1,other,0,0,0
507411,2,0,0.0,0,0,1,other,0,0,0
509239,9,0,0.0,1,0,0,search_ad,1,0,1
509729,6,0,0.0,0,0,1,other,1,0,1
509386,2,0,0.0,1,0,0,search_ad,0,0,0
500100,5,0,0.0,0,0,1,other,0,0,0
510896,8,1,121.2,0,1,0,affiliate,0,0,1
508422,3,1,48.99,0,0,1,other,0,0,1
511878,3,0,0.0,0,0,1,other,1,0,0
508261,4,0,0.0,0,0,1,other,0,0,1
511203,1,0,0.0,0,0,1,other,0,0,1
504955,1,0,0.0,0,0,1,other,0,0,0
507712,8,1,89.44,0,0,1,other,1,0,0
515114,1,0,0.0,1,0,0,search_ad,0,0,0
513153,2,0,0.0,1,0,0,search_ad,0,0,0
515541,1,0,0.0,0,0,1,other,1,0,0
503205,1,0,0.0,0,1,0,affiliate,0,0,0
512571,3,1,89.83,0,0,1,other,0,1,1
502657,5,1,58.1,0,0,1,other,1,0,0
509227,8,0,0.0,0,0,1,other,0,0,0
508858,3,0,0.0,0,0,1,other,0,0,0
509342,5,0,0.0,0,0,1,other,0,0,1
505528,1,1,28.35,1,0,0,search_ad,0,0,1
510530,12,1,137.65,0,0,1,other,1,0,1
500252,7,1,45.5,0,0,1,other,1,0,1
509080,7,0,0.0,0,0,1,other,0,0,0
513780,1,0,0.0,0,0,1,other,1,1,0
507572,6,0,0.0,0,0,1,other,1,1,1
501303,5,0,0.0,1,0,0,search_ad,1,0,0
502474,2,1,156.7,0,0,1,other,0,0,0
503510,2,0,0.0,0,0,1,other,0,1,0
505599,5,0,0.0,1,0,0,search_ad,1,1,1
500752,1,0,0.0,0,0,1,other,1,0,1
508697,4,0,0.0,0,0,1,other,1,0,0
507121,4,0,0.0,0,0,1,other,1,0,1
501007,2,1,38.3,0,0,1,other,1,1,0
504342,5,1,35.89,1,0,0,search_ad,0,0,0
513354,13,0,0.0,0,0,1,other,1,1,1
514439,9,0,0.0,0,0,1,other,0,1,0
504978,2,0,0.0,0,1,0,affiliate,0,1,0
500388,5,0,0.0,0,0,1,other,0,0,0
515909,2,0,0.0,1,0,0,search_ad,0,1,0
513571,3,1,52.79,0,0,1,other,1,1,1
504030,1,0,0.0,1,0,0,search_ad,0,1,1
511278,8,1,73.71,0,0,1,other,1,1,0
504607,9,0,0.0,1,0,0,search_ad,1,0,1
514874,3,0,0.0,0,0,1,other,0,1,0
513443,4,0,0.0,0,0,1,other,1,0,0
510499,11,0,0.0,0,0,1,other,0,0,1
503796,2,0,0.0,0,0,1,other,1,1,0
503405,3,0,0.0,0,0,1,other,0,0,0
513587,2,1,40.36,1,0,0,search_ad,0,1,1
500477,3,0,0.0,0,0,1,other,0,0,1
504991,6,0,0.0,0,0,1,other,1,1,0
501057,3,0,0.0,0,0,1,other,0,1,0
510849,7,0,0.0,0,0,1,other,0,0,0
511343,2,0,0.0,1,0,0,search_ad,0,0,1
515469,3,0,0.0,0,0,1,other,0,0,0
501237,2,0,0.0,1,0,0,search_ad,1,1,0
508046,8,1,64.99,0,0,1,other,1,0,0
508325,6,0,0.0,0,0,1,other,0,0,1
505437,5,0,0.0,0,0,1,other,1,0,0
509827,4,0,0.0,1,0,0,search_ad,0,1,1
509712,1,0,0.0,1,0,0,search_ad,0,0,0
501374,2,0,0.0,0,0,1,other,0,1,0
507863,3,1,62.35,1,0,0,search_ad,1,0,1
514589,1,0,0.0,0,0,1,other,0,0,0
514059,3,0,0.0,0,0,1,other,0,0,1
506805,5,0,0.0,0,1,0,affiliate,0,0,0
504752,3,0,0.0,0,0,1,other,1,0,0
505859,5,1,60.12,1,0,0,search_ad,1,0,1
509287,10,0,0.0,0,1,0,affiliate,1,1,0
512818,7,0,0.0,0,0,1,other,0,0,1
507472,4,0,0.0,0,0,1,other,0,0,0
512880,3,0,0.0,0,0,1,other,0,1,0
507626,5,0,0.0,0,0,1,other,0,1,0
502803,3,0,0.0,0,0,1,other,1,0,1
509158,3,0,0.0,0,0,1,other,0,0,0
509839,6,0,0.0,0,0,1,other,1,1,1
513485,3,0,0.0,0,0,1,other,1,0,1
506809,1,0,0.0,1,0,0,search_ad,1,0,1
509186,4,1,48.08,0,0,1,other,1,1,0
510110,6,1,51.16,0,0,1,other,1,0,1
505904,3,0,0.0,1,0,0,search_ad,0,0,1
512063,3,0,0.0,0,1,0,affiliate,0,0,0
509218,7,0,0.0,0,0,1,other,1,0,1
515732,2,0,0.0,0,0,1,other,0,1,0
501120,2,0,0.0,0,0,1,other,0,0,0
506691,3,0,0.0,0,0,1,other,0,0,1
501890,4,0,0.0,0,0,1,other,0,0,1
505376,5,0,0.0,1,0,0,search_ad,0,1,1
503446,4,0,0.0,0,0,1,other,0,0,0
511159,1,0,0.0,0,0,1,other,0,0,0
515450,3,1,36.96,0,0,1,other,1,0,1
513566,2,0,0.0,1,0,0,search_ad,0,1,1
515410,7,0,0.0,0,0,1,other,0,1,0
506735,6,0,0.0,0,0,1,other,0,1,0
507705,7,1,30.17,0,0,1,other,0,0,1
501072,3,0,0.0,1,0,0,search_ad,0,1,0
505146,1,0,0.0,0,1,0,affiliate,0,0,1
514977,2,0,0.0,0,0,1,other,0,0,0
506408,2,0,0.0,0,0,1,other,0,0,0
513239,10,0,0.0,0,0,1,other,0,0,0
509352,5,0,0.0,0,0,1,other,0,1,0
504707,4,0,0.0,0,0,1,other,1,1,1
513749,1,0,0.0,0,0,1,other,0,1,0
506492,2,0,0.0,0,0,1,other,0,0,0
515891,5,1,26.57,0,0,1,other,0,0,1
511074,14,0,0.0,0,0,1,other,1,0,0
500197,11,0,0.0,0,0,1,other,0,1,0
503464,3,0,0.0,1,0,0,search_ad,0,0,1
510566,11,1,20.18,0,0,1,other,1,0,1
511920,5,1,17.82,0,0,1,other,0,0,1
500352,8,1,70.48,0,0,1,other,0,0,0
507901,8,1,74.51,0,0,1,other,0,1,0
512513,4,1,32.59,0,0,1,other,0,0,1
514086,2,0,0.0,1,0,0,search_ad,0,0,0
505830,2,0,0.0,1,0,0,search_ad,0,1,0
503503,8,0,0.0,0,0,1,other,1,1,1
502233,5,1,93.62,0,0,1,other,0,1,1
500641,2,0,0.0,0,0,1,other,1,0,0
506177,1,0,0.0,1,0,0,search_ad,0,1,0
501770,3,1,81.9,0,0,1,other,1,1,1
511441,3,0,0.0,1,0,0,search_ad,1,1,1
515163,8,0,0.0,0,0,1,other,0,1,1
510956,2,0,0.0,1,0,0,search_ad,1,0,0
513938,7,0,0.0,0,0,1,other,1,0,0
509532,3,0,0.0,1,0,0,search_ad,0,0,1
508068,3,1,63.92,1,0,0,search_ad,0,1,1
503976,7,1,64.78,0,0,1,other,0,1,1
502547,5,0,0.0,1,0,0,search_ad,0,1,1
510695,7,0,0.0,0,0,1,other,0,0,1
500721,3,0,0.0,0,0,1,other,1,0,1
501800,4,0,0.0,0,0,1,other,0,1,1
515031,6,0,0.0,0,1,0,affiliate,0,0,1
507919,11,0,0.0,0,0,1,other,0,0,0
505956,1,0,0.0,0,0,1,other,0,1,0
500358,3,0,0.0,0,0,1,other,1,1,0
511819,7,0,0.0,0,0,1,other,1,0,0
511581,1,1,69.39,0,0,1,other,1,0,0
514164,3,0,0.0,0,0,1,other,0,0,1
502271,1,0,0.0,0,0,1,other,0,0,1
511283,1,0,0.0,0,0,1,other,0,0,1
503754,4,0,0.0,0,1,0,affiliate,0,0,1
508724,2,0,0.0,0,0,1,other,1,0,1
500004,3,0,0.0,0,0,1,other,0,0,1
511229,5,0,0.0,1,0,0,search_ad,1,1,1
515567,1,0,0.0,1,0,0,search_ad,0,0,0
514633,15,0,0.0,0,0,1,other,1,1,1
503289,1,0,0.0,0,0,1,other,0,0,0
509793,4,1,73.88,0,0,1,other,1,0,0
515229,8,0,0.0,0,0,1,other,0,1,1
509726,7,1,130.67,0,0,1,other,0,0,1
502088,2,0,0.0,0,0,1,other,1,0,1
515460,2,0,0.0,1,0,0,search_ad,0,0,0
511826,3,0,0.0,0,0,1,other,1,0,0
500291,3,1,20.42,1,0,0,search_ad,1,1,0
505814,4,0,0.0,0,0,1,other,0,0,1
507277,6,0,0.0,0,0,1,other,1,0,0
502151,6,0,0.0,0,1,0,affiliate,0,0,0
503911,7,0,0.0,0,0,1,other,1,0,1
508886,3,0,0.0,0,0,1,other,0,0,0
504025,10,0,0.0,0,0,1,other,0,0,1
511602,2,0,0.0,1,0,0,search_ad,0,1,0
514093,10,0,0.0,0,0,1,other,0,0,1
504885,6,1,81.14,0,0,1,other,1,1,1
503323,11,1,21.68,0,0,1,other,1,0,0
512854,1,0,0.0,0,0,1,other,0,0,1
510167,2,0,0.0,0,0,1,other,0,0,1
502705,4,0,0.0,0,0,1,other,0,0,0
511854,8,0,0.0,0,0,1,other,0,0,1
513711,2,0,0.0,0,0,1,other,0,0,0
502883,4,0,0.0,0,0,1,other,0,0,1
501271,6,1,37.96,0,0,1,other,0,0,1
505077,10,0,0.0,1,0,0,search_ad,1,0,0
505720,2,0,0.0,0,0,1,other,0,1,0
508704,2,0,0.0,0,0,1,other,0,1,0
508154,2,0,0.0,0,0,1,other,0,0,0
510807,3,0,0.0,1,0,0,search_ad,1,0,1
509612,10,0,0.0,0,0,1,other,0,0,1
505801,8,0,0.0,0,0,1,other,0,1,1
500103,5,0,0.0,0,0,1,other,0,0,0
502860,5,0,0.0,1,0,0,search_ad,0,0,1
508216,6,0,0.0,0,0,1,other,0,1,0
507629,1,0,0.0,0,0,1,other,0,1,1
513382,3,0,0.0,0,0,1,other,0,1,1
505021,17,0,0.0,0,0,1,other,0,0,0
509586,5,0,0.0,0,0,1,other,0,0,0
510126,5,0,0.0,0,0,1,other,0,0,0
507751,8,1,48.78,0,0,1,other,1,1,0
515879,1,1,30.34,0,0,1,other,1,1,0
511601,4,0,0.0,0,0,1,other,1,0,1
509296,2,0,0.0,0,0,1,other,0,0,0
509613,4,0,0.0,0,0,1,other,0,0,0
509026,4,0,0.0,0,0,1,other,0,1,0
513951,1,0,0.0,0,0,1,other,0,0,0
507696,6,1,91.16,0,0,1,other,1,0,0
509286,2,0,0.0,1,0,0,search_ad,1,0,0
502684,3,0,0.0,0,0,1,other,1,0,1
510085,3,0,0.0,1,0,0,search_ad,0,0,0
508773,4,0,0.0,0,0,1,other,1,0,1
512750,3,0,0.0,1,0,0,search_ad,0,0,0
504106,3,0,0.0,0,0,1,other,0,1,0
511888,2,1,77.89,0,0,1,other,1,1,0
502247,2,0,0.0,1,0,0,search_ad,0,0,1
505628,6,1,38.26,0,0,1,other,0,0,0
509684,1,0,0.0,1,0,0,search_ad,0,1,0
504154,9,1,47.2,0,0,1,other,1,0,1
514073,1,0,0.0,1,0,0,search_ad,1,0,0
503617,3,0,0.0,1,0,0,search_ad,0,1,0
509723,5,1,76.98,0,0,1,other,1,1,1
503015,6,1,41.86,0,0,1,other,1,1,0
513713,10,1,74.37,0,0,1,other,0,0,1
508266,1,0,0.0,0,0,1,other,1,0,0
509579,4,0,0.0,0,0,1,other,1,0,0
506084,6,0,0.0,0,0,1,other,0,0,0
503044,3,0,0.0,0,0,1,other,0,0,0
500020,5,0,0.0,0,1,0,affiliate,1,0,0
508547,1,1,58.53,0,0,1,other,0,0,1
506283,3,0,0.0,1,0,0,search_ad,1,0,0
505341,12,0,0.0,0,0,1,other,1,0,0
503430,1,0,0.0,0,0,1,other,1,0,1
515861,1,0,0.0,0,0,1,other,0,1,1
508250,3,0,0.0,1,0,0,search_ad,1,0,0
508150,3,0,0.0,0,0,1,other,1,0,1
507839,1,0,0.0,1,0,0,search_ad,0,1,0
503943,3,0,0.0,0,0,1,other,0,0,0
508092,2,0,0.0,0,0,1,other,0,1,0
512251,4,1,72.7,0,0,1,other,0,0,1
509825,5,0,0.0,0,0,1,other,0,1,1
504297,2,0,0.0,0,0,1,other,0,1,1
504348,4,1,44.58,0,0,1,other,1,1,1
509953,1,0,0.0,1,0,0,search_ad,0,1,0
512085,4,0,0.0,0,0,1,other,0,0,1
512070,3,0,0.0,0,0,1,other,0,0,1
515131,6,0,0.0,0,0,1,other,1,1,1
508404,15,0,0.0,0,0,1,other,0,0,1
508224,2,0,0.0,1,0,0,search_ad,0,0,0
512333,5,1,101.68,0,0,1,other,1,1,0
506303,4,0,0.0,0,0,1,other,0,1,1
509211,4,0,0.0,1,0,0,search_ad,1,1,0
503423,2,0,0.0,1,0,0,search_ad,0,0,0
513327,6,0,0.0,0,0,1,other,0,1,1
506596,9,1,68.81,0,0,1,other,0,1,1
511342,5,0,0.0,1,0,0,search_ad,0,1,1
500796,5,0,0.0,0,0,1,other,0,0,1
514407,2,0,0.0,1,0,0,search_ad,0,1,1
506563,5,0,0.0,1,0,0,search_ad,0,0,1
506119,10,1,48.89,0,0,1,other,0,1,1
510565,14,1,44.76,0,0,1,other,1,0,1
515626,1,0,0.0,0,0,1,other,0,0,1
501012,2,0,0.0,0,0,1,other,1,1,0
510091,2,0,0.0,1,0,0,search_ad,0,1,0
500903,7,0,0.0,0,0,1,other,0,1,1
509661,4,0,0.0,0,0,1,other,1,1,1
505043,3,1,50.55,0,0,1,other,0,0,1
513819,1,0,0.0,0,0,1,other,1,0,1
510025,3,0,0.0,0,0,1,other,0,0,0
515900,3,0,0.0,1,0,0,search_ad,0,0,0
514428,10,0,0.0,0,0,1,other,1,1,0
504924,10,1,56.66,0,0,1,other,0,1,0
511377,1,0,0.0,0,1,0,affiliate,1,0,1
514658,7,0,0.0,0,0,1,other,0,0,0
504076,2,1,21.07,0,0,1,other,1,1,1
513177,1,0,0.0,0,0,1,other,1,0,0
505771,2,1,29.46,0,0,1,other,1,0,1
505031,9,0,0.0,0,0,1,other,1,0,1
514700,2,0,0.0,1,0,0,search_ad,0,1,0
515834,9,0,0.0,0,0,1,other,0,0,1
514558,1,1,35.94,0,0,1,other,0,0,0
506505,2,1,50.01,0,0,1,other,1,0,1
508546,4,0,0.0,0,0,1,other,1,1,1
505577,3,0,0.0,0,0,1,other,0,1,1
502609,3,0,0.0,0,0,1,other,0,1,1
509620,1,1,15.73,0,0,1,other,0,0,1
503372,10,0,0.0,0,0,1,other,0,0,0
500340,5,1,16.72,0,0,1,other,0,0,1
510971,5,0,0.0,0,0,1,other,0,0,0
511720,1,0,0.0,0,0,1,other,1,0,1
511671,1,0,0.0,1,0,0,search_ad,0,1,0
514859,5,1,47.73,1,0,0,search_ad,0,0,1
502857,10,0,0.0,0,0,1,other,1,1,1
502895,4,1,82.18,0,1,0,affiliate,0,0,0
501214,6,0,0.0,0,0,1,other,1,0,1
512810,1,0,0.0,0,0,1,other,0,0,0
507445,8,0,0.0,0,0,1,other,0,1,1
508212,1,1,47.74,1,0,0,search_ad,0,0,0
508640,7,0,0.0,0,0,1,other,0,1,0
512848,2,0,0.0,1,0,0,search_ad,0,0,0
502301,2,0,0.0,0,0,1,other,0,0,0
509994,2,0,0.0,0,0,1,other,0,0,0
507147,8,0,0.0,1,0,0,search_ad,1,1,0
506917,9,0,0.0,0,0,1,other,0,0,0
511859,2,0,0.0,1,0,0,search_ad,0,0,1
515799,7,0,0.0,0,0,1,other,0,0,1
503707,1,0,0.0,0,0,1,other,0,0,0
506662,2,1,24.99,1,0,0,search_ad,0,1,1
500410,10,0,0.0,0,0,1,other,0,1,1
500564,10,0,0.0,0,0,1,other,0,0,1
502010,1,0,0.0,0,0,1,other,0,1,0
509101,2,0,0.0,1,0,0,search_ad,0,0,0
504217,1,0,0.0,0,0,1,other,0,0,0
500915,2,0,0.0,0,0,1,other,0,0,1
514780,4,0,0.0,0,0,1,other,0,1,0
503822,6,0,0.0,0,0,1,other,0,0,0
503313,2,0,0.0,0,1,0,affiliate,0,1,0
508272,5,0,0.0,0,0,1,other,0,1,0
513127,8,1,111.56,0,0,1,other,1,1,0
506652,5,0,0.0,0,0,1,other,0,0,1
514436,3,0,0.0,1,0,0,search_ad,0,0,1
506928,3,1,54.05,0,0,1,other,1,0,0
506685,2,0,0.0,0,0,1,other,0,0,1
507781,7,0,0.0,0,0,1,other,0,0,1
504756,10,0,0.0,0,0,1,other,0,1,1
514591,3,0,0.0,1,0,0,search_ad,0,0,1
512436,5,0,0.0,0,0,1,other,1,0,0
500412,4,0,0.0,0,0,1,other,1,0,1
506076,4,0,0.0,0,0,1,other,0,1,0
514788,9,1,20.61,0,0,1,other,0,0,1
506527,2,0,0.0,0,0,1,other,0,0,1
514882,2,0,0.0,0,0,1,other,0,1,0
507969,2,0,0.0,1,0,0,search_ad,0,0,0
513536,32,0,0.0,0,0,1,other,1,1,1
501200,8,0,0.0,0,0,1,other,1,1,0
506673,3,1,38.37,0,0,1,other,0,1,1
504090,8,0,0.0,1,0,0,search_ad,1,1,0
504245,6,0,0.0,0,0,1,other,0,0,0
508609,4,0,0.0,0,0,1,other,0,0,0
500281,8,0,0.0,0,0,1,other,1,1,0
501311,5,1,42.94,0,0,1,other,0,0,1
504112,2,0,0.0,0,0,1,other,1,1,0
502958,3,0,0.0,0,0,1,other,0,0,0
501011,10,0,0.0,1,0,0,search_ad,1,0,1
512193,4,0,0.0,0,0,1,other,0,0,1
501660,11,0,0.0,0,0,1,other,0,0,0
504961,5,0,0.0,1,0,0,search_ad,1,1,1
502827,2,0,0.0,1,0,0,search_ad,0,0,0
503711,1,0,0.0,1,0,0,search_ad,0,0,1
503185,2,0,0.0,1,0,0,search_ad,0,1,0
503211,3,0,0.0,0,0,1,other,0,0,0
501371,10,0,0.0,1,0,0,search_ad,1,0,1
511875,1,1,29.92,0,0,1,other,0,0,0
513118,7,0,0.0,0,0,1,other,0,1,0
502586,2,0,0.0,0,0,1,other,0,1,0
514629,3,0,0.0,1,0,0,search_ad,0,1,1
511945,4,0,0.0,0,1,0,affiliate,0,0,1
511251,7,0,0.0,0,0,1,other,0,0,1
508795,4,0,0.0,1,0,0,search_ad,1,1,1
509842,4,0,0.0,0,0,1,other,1,0,0
506845,4,0,0.0,0,0,1,other,0,0,0
508181,4,0,0.0,0,0,1,other,0,1,0
503935,2,0,0.0,0,0,1,other,0,0,1
514691,2,1,70.18,0,0,1,other,0,1,1
511316,12,0,0.0,0,0,1,other,1,0,0
507426,1,0,0.0,1,0,0,search_ad,0,0,0
508911,2,0,0.0,0,0,1,other,0,0,1
507795,3,0,0.0,0,0,1,other,0,0,0
503860,2,0,0.0,0,0,1,other,0,0,0
505894,4,0,0.0,1,0,0,search_ad,0,1,1
510506,8,0,0.0,0,0,1,other,0,1,0
514029,3,1,76.79,0,0,1,other,0,1,1
503579,8,0,0.0,0,0,1,other,0,0,1
503370,7,1,105.77,0,0,1,other,0,0,1
509378,4,0,0.0,0,0,1,other,0,0,0
512526,1,1,56.8,0,0,1,other,0,0,1
508982,8,1,115.37,1,0,0,search_ad,0,0,1
502055,3,0,0.0,0,0,1,other,1,0,0
512628,14,0,0.0,0,0,1,other,1,1,0
509980,4,0,0.0,1,0,0,search_ad,0,1,0
513425,3,0,0.0,0,0,1,other,0,1,0
504650,2,0,0.0,0,0,1,other,1,0,0
512618,2,0,0.0,1,0,0,search_ad,0,0,1
514441,2,0,0.0,0,0,1,other,0,0,0
515097,1,0,0.0,1,0,0,search_ad,0,0,1
515783,2,0,0.0,1,0,0,search_ad,0,0,0
508914,2,0,0.0,0,0,1,other,0,0,1
505262,19,0,0.0,0,0,1,other,1,0,0
509405,4,0,0.0,0,0,1,other,0,0,1
514770,5,0,0.0,0,0,1,other,0,1,1
506693,2,0,0.0,0,0,1,other,0,0,0
512660,5,0,0.0,1,0,0,search_ad,1,1,0
503600,12,0,0.0,0,0,1,other,1,0,1
501714,3,0,0.0,1,0,0,search_ad,0,1,0
510448,11,0,0.0,0,0,1,other,0,0,0
505397,1,0,0.0,0,0,1,other,1,0,0
513462,3,0,0.0,0,0,1,other,0,0,0
500512,1,0,0.0,1,0,0,search_ad,1,1,0
505150,4,0,0.0,0,1,0,affiliate,0,0,1
509664,5,0,0.0,0,0,1,other,0,0,0
505864,6,1,20.92,0,0,1,other,0,1,0
507047,3,0,0.0,1,0,0,search_ad,0,1,0
507108,1,0,0.0,0,0,1,other,0,0,0
503373,8,0,0.0,0,0,1,other,0,0,0
504292,2,0,0.0,0,0,1,other,0,1,1
507014,24,0,0.0,0,0,1,other,0,0,1
505647,5,1,36.76,0,0,1,other,0,1,1
509567,6,0,0.0,0,0,1,other,1,0,0
511052,8,0,0.0,0,0,1,other,1,0,0
512886,7,0,0.0,0,0,1,other,0,0,1
503326,8,1,45.57,0,0,1,other,0,1,1
513370,7,0,0.0,0,0,1,other,0,0,1
514832,2,0,0.0,0,0,1,other,0,1,1
502146,4,0,0.0,1,0,0,search_ad,1,0,0
500863,8,0,0.0,0,0,1,other,0,1,0
510457,13,0,0.0,0,0,1,other,1,0,1
508030,9,0,0.0,0,0,1,other,1,0,1
507334,3,0,0.0,0,0,1,other,0,1,0
510974,4,0,0.0,0,0,1,other,1,0,0
504014,7,0,0.0,0,1,0,affiliate,0,0,1
508202,2,0,0.0,1,0,0,search_ad,0,0,0
506754,3,0,0.0,0,0,1,other,0,1,0
511918,9,0,0.0,0,0,1,other,1,0,0
504247,7,0,0.0,0,0,1,other,0,0,0
508159,1,0,0.0,1,0,0,search_ad,0,0,1
501633,6,0,0.0,0,0,1,other,1,1,0
505108,4,1,104.25,0,0,1,other,1,0,1
503480,11,0,0.0,0,0,1,other,0,1,1
507066,15,0,0.0,0,0,1,other,1,0,0
512240,4,0,0.0,0,1,0,affiliate,1,0,0
513588,5,1,48.89,0,0,1,other,0,0,1
502040,6,0,0.0,0,0,1,other,0,1,1
506844,4,0,0.0,0,0,1,other,0,1,0
505207,14,0,0.0,0,0,1,other,0,0,0
507483,10,0,0.0,0,0,1,other,1,0,0
513693,6,0,0.0,0,0,1,other,0,1,1
508782,1,0,0.0,0,0,1,other,0,0,0
501548,5,0,0.0,0,0,1,other,0,0,0
506597,5,0,0.0,0,0,1,other,1,0,1
505065,6,0,0.0,0,0,1,other,0,0,1
508115,2,0,0.0,1,0,0,search_ad,0,0,1
509563,5,1,40.49,0,0,1,other,1,0,1
506378,10,1,27.68,0,0,1,other,1,0,1
501403,2,1,12.52,1,0,0,search_ad,1,0,0
502449,7,1,28.93,0,0,1,other,1,0,0
502616,1,0,0.0,0,0,1,other,1,1,1
512404,4,0,0.0,0,0,1,other,0,0,1
500380,8,0,0.0,0,0,1,other,0,1,0
512968,21,0,0.0,0,0,1,other,1,0,0
501351,1,0,0.0,1,0,0,search_ad,0,0,0
502936,13,0,0.0,0,0,1,other,0,1,1
509802,5,1,55.25,0,0,1,other,0,1,0
513591,4,0,0.0,0,0,1,other,0,1,1
512197,5,1,110.33,0,0,1,other,0,0,1
511104,4,0,0.0,0,0,1,other,0,0,0
508497,3,0,0.0,0,0,1,other,1,0,0
510919,4,1,86.18,0,0,1,other,1,1,1
500543,5,0,0.0,0,0,1,other,0,0,1
508139,2,1,22.26,0,0,1,other,1,1,1
504430,4,1,110.76,0,1,0,affiliate,0,0,0
500048,1,0,0.0,1,0,0,search_ad,0,1,0
509865,5,0,0.0,0,0,1,other,1,0,0
501922,2,0,0.0,0,0,1,other,0,1,1
500904,3,0,0.0,1,0,0,search_ad,1,1,1
501412,2,0,0.0,0,0,1,other,0,0,1
510810,1,0,0.0,0,0,1,other,1,1,0
513090,6,0,0.0,1,0,0,search_ad,0,0,1
500908,5,0,0.0,0,0,1,other,0,1,1
506135,15,0,0.0,0,1,0,affiliate,1,0,1
509988,1,0,0.0,1,0,0,search_ad,0,1,0
507314,1,0,0.0,0,0,1,other,1,0,0
503001,2,1,72.03,0,0,1,other,0,1,1
515040,3,0,0.0,0,0,1,other,0,0,0
507734,5,1,45.97,0,0,1,other,0,1,0
503012,24,1,42.98,0,0,1,other,1,0,1
513009,3,0,0.0,0,0,1,other,0,1,1
501749,2,0,0.0,1,0,0,search_ad,0,0,0
510238,5,1,71.45,0,0,1,other,1,1,0
503112,9,1,77.28,0,0,1,other,1,0,1
509261,2,0,0.0,0,0,1,other,1,1,1
503609,12,0,0.0,0,0,1,other,0,0,0
504036,2,0,0.0,1,0,0,search_ad,0,0,0
508359,10,0,0.0,0,0,1,other,0,0,0
502907,1,0,0.0,1,0,0,search_ad,0,0,1
512206,2,0,0.0,1,0,0,search_ad,0,1,0
509238,1,0,0.0,1,0,0,search_ad,0,1,0
504755,6,1,69.76,0,0,1,other,0,0,1
505726,1,0,0.0,0,0,1,other,0,1,0
505169,6,0,0.0,1,0,0,search_ad,1,0,1
504686,11,0,0.0,0,0,1,other,0,0,1
502862,3,0,0.0,0,0,1,other,1,0,1
507214,12,0,0.0,0,0,1,other,0,1,0
514612,1,0,0.0,1,0,0,search_ad,0,0,0
501863,3,0,0.0,0,0,1,other,0,0,0
506312,7,0,0.0,1,0,0,search_ad,1,0,1
507727,3,1,29.41,0,0,1,other,1,0,1
509724,2,0,0.0,0,0,1,other,0,0,0
511060,4,0,0.0,0,0,1,other,0,1,1
510677,6,0,0.0,0,0,1,other,1,0,0
503394,2,0,0.0,0,0,1,other,0,0,0
510900,9,0,0.0,1,0,0,search_ad,0,0,1
513334,2,0,0.0,1,0,0,search_ad,1,0,0
512357,4,0,0.0,0,0,1,other,0,1,1
506073,3,0,0.0,1,0,0,search_ad,0,0,1
513170,26,0,0.0,0,0,1,other,1,0,1
513611,8,0,0.0,0,0,1,other,0,0,1
508226,3,0,0.0,1,0,0,search_ad,1,0,0
513539,2,0,0.0,0,0,1,other,0,0,1
506978,1,0,0.0,0,0,1,other,0,0,1
505788,5,0,0.0,0,0,1,other,0,0,1
501698,5,0,0.0,0,0,1,other,0,0,1
504630,1,1,56.24,1,0,0,search_ad,0,1,0
504936,12,1,47.52,0,0,1,other,1,1,0
515001,6,1,42.96,0,0,1,other,0,0,1
507535,2,1,95.43,1,0,0,search_ad,1,0,0
511413,13,1,85.08,0,0,1,other,1,0,0
508956,1,0,0.0,1,0,0,search_ad,0,0,1
504305,2,0,0.0,1,0,0,search_ad,0,0,0
506559,8,0,0.0,0,0,1,other,1,1,1
507071,22,1,42.99,0,0,1,other,1,1,0
503022,2,0,0.0,0,0,1,other,0,0,1
507515,2,0,0.0,0,0,1,other,1,1,0
509870,3,1,21.23,0,0,1,other,0,1,1
513905,2,0,0.0,1,0,0,search_ad,0,0,0
502513,2,1,48.89,0,0,1,other,1,1,0
500294,7,0,0.0,0,0,1,other,0,0,0
509153,4,0,0.0,0,0,1,other,0,1,0
511458,7,0,0.0,0,0,1,other,0,0,1
505095,2,0,0.0,0,0,1,other,0,0,0
506390,8,0,0.0,0,0,1,other,1,1,0
509981,10,1,78.75,0,0,1,other,0,0,0
502215,5,0,0.0,0,0,1,other,0,1,0
504415,2,0,0.0,1,0,0,search_ad,0,1,0
505815,3,0,0.0,1,0,0,search_ad,0,0,1
506904,4,0,0.0,0,0,1,other,0,0,1
503523,4,0,0.0,0,0,1,other,0,0,1
500085,11,0,0.0,0,0,1,other,0,1,0
515696,1,0,0.0,1,0,0,search_ad,1,1,0
505352,7,0,0.0,1,0,0,search_ad,1,0,1
504131,8,1,71.93,0,0,1,other,1,0,1
514940,1,0,0.0,1,0,0,search_ad,0,1,0
504503,4,0,0.0,1,0,0,search_ad,0,0,1
512189,10,1,61.13,0,0,1,other,0,1,1
506196,1,0,0.0,0,0,1,other,0,0,1
515537,8,0,0.0,0,0,1,other,1,0,0
506444,7,0,0.0,0,0,1,other,1,1,1
503910,5,0,0.0,0,0,1,other,0,0,1
511287,2,0,0.0,0,0,1,other,1,1,0
505226,12,0,0.0,0,0,1,other,1,0,1
506689,2,0,0.0,1,0,0,search_ad,0,1,1
514896,3,0,0.0,1,0,0,search_ad,0,1,0
503195,12,0,0.0,0,0,1,other,1,0,0
512204,3,1,33.62,0,0,1,other,0,0,1
502955,10,0,0.0,0,0,1,other,1,0,1
500177,1,0,0.0,1,0,0,search_ad,0,1,0
511571,3,0,0.0,0,0,1,other,1,1,1
511419,1,0,0.0,0,0,1,other,0,1,0
503722,3,0,0.0,0,0,1,other,0,0,0
510155,5,0,0.0,0,0,1,other,0,1,0
512939,2,0,0.0,1,0,0,search_ad,0,0,0
504706,8,0,0.0,0,0,1,other,0,0,1
500567,2,0,0.0,1,0,0,search_ad,0,0,0
510326,2,0,0.0,0,0,1,other,0,0,0
502228,5,0,0.0,0,0,1,other,0,0,1
506426,2,1,27.42,0,0,1,other,0,0,1
515948,6,1,11.54,1,0,0,search_ad,1,1,0
503450,4,0,0.0,0,0,1,other,0,0,0
507392,2,0,0.0,0,0,1,other,1,0,0
501329,5,1,55.0,0,0,1,other,1,1,1
505964,1,0,0.0,1,0,0,search_ad,0,0,0
506955,4,0,0.0,0,0,1,other,0,0,0
508371,6,0,0.0,0,0,1,other,1,1,1
514725,4,0,0.0,1,0,0,search_ad,1,0,0
508344,3,0,0.0,0,0,1,other,0,0,1
503890,8,0,0.0,0,0,1,other,1,0,0
515057,1,0,0.0,0,0,1,other,0,1,0
511510,7,0,0.0,1,0,0,search_ad,1,0,0
500150,11,0,0.0,0,0,1,other,1,0,1
507106,7,1,78.93,0,0,1,other,1,1,1
501062,5,0,0.0,1,0,0,search_ad,1,0,1
505779,2,0,0.0,1,0,0,search_ad,0,0,0
507585,5,0,0.0,0,0,1,other,0,0,0
501571,3,0,0.0,0,0,1,other,0,0,1
514190,8,0,0.0,0,0,1,other,0,1,1
515073,2,0,0.0,0,0,1,other,0,0,0
509786,7,1,57.85,0,0,1,other,1,0,1
512213,11,1,35.39,0,0,1,other,1,1,0
506120,2,0,0.0,1,0,0,search_ad,1,0,0
504852,2,0,0.0,0,0,1,other,0,0,1
506680,6,0,0.0,1,0,0,search_ad,1,0,1
508401,2,0,0.0,0,0,1,other,0,0,1
509718,1,0,0.0,0,0,1,other,0,1,0
514576,5,1,50.15,0,0,1,other,0,0,1
501699,2,0,0.0,1,0,0,search_ad,0,0,0
515631,18,0,0.0,0,0,1,other,0,0,1
506490,10,0,0.0,0,0,1,other,0,1,1
508288,6,1,58.72,0,0,1,other,1,0,0
515392,8,0,0.0,0,0,1,other,1,0,0
514602,5,1,33.57,1,0,0,search_ad,0,1,1
505382,2,1,30.67,0,0,1,other,1,0,1
504456,5,0,0.0,0,0,1,other,0,0,0
515350,1,1,50.08,1,0,0,search_ad,1,0,1
505911,7,0,0.0,0,0,1,other,1,1,0
500519,10,0,0.0,0,0,1,other,0,0,1
500435,19,1,73.36,0,0,1,other,0,1,1
515735,6,1,62.17,0,0,1,other,1,1,1
514472,27,0,0.0,0,0,1,other,0,0,1
509358,4,0,0.0,0,0,1,other,0,1,1
501321,2,0,0.0,0,0,1,other,1,0,1
500432,4,0,0.0,0,0,1,other,1,1,1
506979,3,1,56.45,0,0,1,other,0,0,0
512555,10,0,0.0,0,0,1,other,0,1,1
504476,10,0,0.0,0,1,0,affiliate,0,0,0
511972,4,0,0.0,0,0,1,other,1,1,0
514960,2,1,57.57,0,0,1,other,1,0,0
507361,13,0,0.0,0,0,1,other,0,0,1
505860,7,0,0.0,0,0,1,other,1,0,0
514791,1,0,0.0,1,0,0,search_ad,1,0,0
509640,3,0,0.0,0,0,1,other,0,1,0
511973,5,0,0.0,0,0,1,other,1,0,0
514134,2,0,0.0,0,0,1,other,0,0,1
515407,2,0,0.0,0,0,1,other,0,0,1
514929,1,0,0.0,1,0,0,search_ad,0,1,0
504368,2,1,49.55,0,0,1,other,0,0,1
505139,5,0,0.0,0,1,0,affiliate,0,0,1
515920,4,1,41.52,0,0,1,other,0,0,0
504302,2,1,70.24,0,0,1,other,1,0,0
504251,5,0,0.0,0,0,1,other,0,1,0
510663,7,1,55.22,0,0,1,other,0,0,1
507633,1,0,0.0,0,0,1,other,0,0,1
510497,1,0,0.0,1,0,0,search_ad,0,1,0
515462,1,0,0.0,1,0,0,search_ad,1,0,0
511213,1,1,42.57,0,0,1,other,1,1,0
514036,10,0,0.0,1,0,0,search_ad,1,1,1
514343,3,0,0.0,1,0,0,search_ad,0,0,1
510485,1,0,0.0,0,0,1,other,0,1,0
501091,2,1,59.62,1,0,0,search_ad,1,1,1
506313,15,1,37.31,0,0,1,other,1,0,0
514226,3,0,0.0,1,0,0,search_ad,0,0,0
506837,1,0,0.0,0,0,1,other,0,0,0
513139,8,0,0.0,0,0,1,other,0,0,1
501684,4,0,0.0,0,0,1,other,1,0,0
510564,2,1,35.57,1,0,0,search_ad,1,0,1
511361,1,0,0.0,0,0,1,other,1,0,1
515533,9,1,45.52,0,0,1,other,1,1,0
503853,6,0,0.0,0,0,1,other,0,0,1
515267,4,0,0.0,1,0,0,search_ad,1,0,1
508020,2,0,0.0,0,0,1,other,0,1,1
506619,4,0,0.0,0,0,1,other,0,1,0
514066,5,0,0.0,1,0,0,search_ad,0,0,1
515635,2,0,0.0,0,0,1,other,1,0,0
504537,2,0,0.0,1,0,0,search_ad,0,1,0
507593,1,0,0.0,0,0,1,other,1,1,1
509831,5,0,0.0,0,0,1,other,0,0,0
503206,7,0,0.0,0,0,1,other,1,1,1
509310,20,1,36.49,0,0,1,other,1,0,1
509372,1,0,0.0,0,0,1,other,0,0,0
508678,7,0,0.0,0,0,1,other,0,0,0
507607,6,0,0.0,0,0,1,other,0,1,1
507034,4,0,0.0,0,0,1,other,0,0,0
508679,3,0,0.0,0,0,1,other,1,0,0
502679,3,1,51.48,1,0,0,search_ad,0,0,0
508655,1,0,0.0,1,0,0,search_ad,0,0,1
512143,2,0,0.0,0,0,1,other,1,1,0
501618,2,1,46.56,0,0,1,other,0,1,1
513825,1,0,0.0,1,0,0,search_ad,0,1,1
506026,9,0,0.0,0,0,1,other,1,1,1
509467,6,1,26.62,0,0,1,other,1,0,1
511709,2,0,0.0,0,1,0,affiliate,1,1,0
508337,5,0,0.0,0,0,1,other,1,0,0
515730,2,0,0.0,0,0,1,other,0,0,0
509194,1,0,0.0,0,0,1,other,1,0,0
515390,3,0,0.0,1,0,0,search_ad,0,0,1
501871,9,1,26.21,1,0,0,search_ad,1,1,1
505724,4,0,0.0,0,0,1,other,0,0,1
509821,7,0,0.0,0,0,1,other,0,0,1
511583,4,0,0.0,0,0,1,other,0,0,0
506811,8,1,78.6,0,0,1,other,1,1,1
510306,1,0,0.0,1,0,0,search_ad,0,0,1
514324,2,0,0.0,1,0,0,search_ad,1,1,1
511093,2,0,0.0,0,0,1,other,1,1,0
501534,4,1,52.36,0,0,1,other,1,0,1
506511,2,0,0.0,0,0,1,other,0,0,1
515908,1,0,0.0,0,0,1,other,0,0,0
502627,5,0,0.0,0,0,1,other,1,1,0
502406,6,0,0.0,0,0,1,other,0,1,0
514065,5,0,0.0,0,0,1,other,0,0,1
511165,3,0,0.0,0,0,1,other,0,0,0
501087,4,0,0.0,0,0,1,other,0,1,0
505517,6,0,0.0,0,0,1,other,0,1,1
506756,6,0,0.0,0,0,1,other,0,1,1
505965,13,0,0.0,0,0,1,other,0,0,1
513934,14,1,59.83,0,0,1,other,0,1,0
512154,11,0,0.0,0,0,1,other,1,1,1
504502,14,1,70.06,0,0,1,other,1,0,0
501767,9,0,0.0,0,0,1,other,0,1,0
504192,10,0,0.0,0,0,1,other,1,0,0
510496,3,0,0.0,1,0,0,search_ad,1,0,1
513331,1,0,0.0,0,0,1,other,0,0,0
503843,5,0,0.0,0,0,1,other,0,0,0
501625,7,1,51.88,1,0,0,search_ad,1,0,0
505406,1,0,0.0,1,0,0,search_ad,0,0,1
515617,2,0,0.0,0,0,1,other,0,0,0
504849,3,1,58.14,0,0,1,other,0,1,0
502326,3,0,0.0,0,0,1,other,0,0,0
508613,2,0,0.0,1,0,0,search_ad,0,1,0
514020,2,0,0.0,0,0,1,other,1,0,1
512160,2,0,0.0,1,0,0,search_ad,0,0,0
504808,12,0,0.0,0,0,1,other,1,1,1
512105,4,0,0.0,0,0,1,other,1,1,0
500931,8,0,0.0,0,0,1,other,0,1,1
512802,5,0,0.0,0,0,1,other,1,0,1
505272,2,0,0.0,0,0,1,other,0,0,0
509680,2,0,0.0,0,0,1,other,0,0,0
515602,2,1,56.54,0,0,1,other,1,1,1
507154,12,0,0.0,1,0,0,search_ad,1,0,1
510453,4,0,0.0,0,0,1,other,1,1,1
505873,6,1,43.2,0,0,1,other,1,0,0
509039,2,0,0.0,1,0,0,search_ad,0,0,0
509566,5,1,18.17,0,0,1,other,1,1,0
511977,3,0,0.0,1,0,0,search_ad,1,0,1
513940,4,0,0.0,0,0,1,other,0,1,0
510138,2,0,0.0,0,0,1,other,1,0,0
505195,1,0,0.0,1,0,0,search_ad,0,0,1
505679,1,0,0.0,0,0,1,other,0,0,0
509600,18,0,0.0,0,0,1,other,1,0,0
509860,3,1,37.99,0,0,1,other,0,1,0
515101,4,1,42.97,0,0,1,other,0,0,1
513347,8,0,0.0,0,0,1,other,0,0,0
509812,2,0,0.0,1,0,0,search_ad,0,0,0
501035,2,1,42.75,0,0,1,other,0,1,0
507013,5,0,0.0,0,0,1,other,1,0,1
502949,2,0,0.0,0,0,1,other,0,0,1
511987,6,0,0.0,1,0,0,search_ad,0,0,1
513763,3,0,0.0,0,0,1,other,0,1,1
502920,3,0,0.0,0,0,1,other,0,0,1
508664,5,1,24.38,0,0,1,other,1,1,1
501324,2,0,0.0,0,0,1,other,1,1,1
506089,4,0,0.0,1,0,0,search_ad,0,1,0
504996,12,1,22.17,0,1,0,affiliate,0,0,1
507183,7,1,49.39,1,0,0,search_ad,1,0,0
501394,4,0,0.0,0,0,1,other,0,0,1
501990,5,0,0.0,0,0,1,other,0,0,0
501985,4,0,0.0,1,0,0,search_ad,0,0,0
505152,1,0,0.0,0,0,1,other,0,0,0
507151,1,0,0.0,1,0,0,search_ad,0,1,0
511360,10,1,140.64,0,0,1,other,1,1,0
509676,3,0,0.0,0,0,1,other,1,0,0
500737,3,0,0.0,0,0,1,other,0,0,1
502407,2,0,0.0,0,0,1,other,0,0,1
504550,3,0,0.0,0,0,1,other,1,0,1
512006,6,0,0.0,0,0,1,other,1,0,1
511401,4,0,0.0,1,0,0,search_ad,0,1,0
504557,4,0,0.0,0,0,1,other,0,0,0
500169,4,0,0.0,0,0,1,other,1,0,0
512461,4,1,114.3,1,0,0,search_ad,0,1,0
504210,1,0,0.0,1,0,0,search_ad,0,0,0
511983,8,0,0.0,1,0,0,search_ad,1,1,1
504717,3,0,0.0,0,0,1,other,0,0,1
511629,2,0,0.0,0,0,1,other,0,0,0
511431,10,1,73.43,0,0,1,other,1,0,1
505915,3,0,0.0,0,0,1,other,0,0,1
500885,9,1,33.5,0,0,1,other,0,1,1
502817,4,0,0.0,1,0,0,search_ad,0,1,0
512032,3,0,0.0,0,0,1,other,0,0,1
508539,6,0,0.0,1,0,0,search_ad,0,1,1
502715,1,1,44.27,0,0,1,other,0,0,0
506373,4,0,0.0,0,0,1,other,0,0,0
507845,9,1,23.39,0,0,1,other,1,1,1
511256,1,0,0.0,0,0,1,other,0,1,0
506718,3,1,89.16,0,0,1,other,1,0,1
508770,2,0,0.0,1,0,0,search_ad,0,0,0
512462,3,1,53.05,0,0,1,other,0,0,0
505690,2,0,0.0,0,0,1,other,0,0,0
508754,1,1,81.56,0,0,1,other,0,0,0
503657,3,0,0.0,0,0,1,other,0,0,1
512039,5,0,0.0,0,0,1,other,1,0,1
502702,3,0,0.0,0,0,1,other,0,0,0
503951,6,0,0.0,0,0,1,other,0,0,0
504843,8,0,0.0,0,0,1,other,0,1,1
508638,7,0,0.0,0,0,1,other,0,0,0
507076,8,1,25.61,1,0,0,search_ad,1,1,1
514728,4,0,0.0,1,0,0,search_ad,0,0,1
508601,14,1,36.86,1,0,0,search_ad,1,0,1
515825,8,0,0.0,0,1,0,affiliate,0,0,1
503071,14,0,0.0,0,0,1,other,1,0,0
503170,6,0,0.0,0,0,1,other,0,0,0
507904,8,0,0.0,0,0,1,other,0,0,1
510655,4,0,0.0,1,0,0,search_ad,0,1,1
515010,2,0,0.0,1,0,0,search_ad,0,0,0
507448,3,0,0.0,1,0,0,search_ad,0,1,0
501108,3,0,0.0,0,0,1,other,1,0,1
503108,10,0,0.0,0,0,1,other,0,0,1
514746,2,1,65.36,0,0,1,other,0,1,0
514715,6,0,0.0,0,0,1,other,0,1,1
506850,3,0,0.0,0,0,1,other,1,1,1
503276,2,1,101.82,0,0,1,other,0,0,0
514185,5,0,0.0,0,0,1,other,0,1,0
512841,5,0,0.0,0,0,1,other,0,0,1
501796,1,1,67.26,0,0,1,other,0,0,1
510616,1,0,0.0,0,0,1,other,0,1,0
500488,14,0,0.0,0,0,1,other,0,0,1
511690,8,1,49.14,0,0,1,other,0,0,1
509971,2,0,0.0,0,0,1,other,0,0,1
505166,4,0,0.0,0,0,1,other,0,0,0
509515,3,0,0.0,1,0,0,search_ad,0,1,1
506038,1,0,0.0,1,0,0,search_ad,1,0,1
515865,4,0,0.0,1,0,0,search_ad,1,0,1
509056,9,1,50.5,0,0,1,other,1,1,0
501124,7,1,59.22,0,0,1,other,1,0,0
508857,4,0,0.0,1,0,0,search_ad,0,1,0
505744,2,0,0.0,0,0,1,other,0,0,0
503753,3,0,0.0,0,0,1,other,0,1,1
508711,2,0,0.0,0,0,1,other,0,0,1
514144,1,0,0.0,1,0,0,search_ad,0,1,0
508141,6,0,0.0,1,0,0,search_ad,0,1,0
500287,2,0,0.0,1,0,0,search_ad,1,0,0
507590,1,0,0.0,1,0,0,search_ad,0,0,1
514880,4,0,0.0,0,0,1,other,0,0,0
515393,3,1,127.06,0,0,1,other,1,0,0
509648,5,1,40.73,0,0,1,other,1,0,0
503858,1,1,32.23,1,0,0,search_ad,1,0,0
514748,6,0,0.0,0,0,1,other,0,0,0
514145,3,0,0.0,1,0,0,search_ad,1,1,1
509162,6,0,0.0,0,0,1,other,0,1,0
513256,1,0,0.0,1,0,0,search_ad,0,0,0
504644,1,1,49.72,0,0,1,other,0,1,0
511822,3,0,0.0,0,0,1,other,1,0,1
512297,3,0,0.0,0,1,0,affiliate,0,1,0
506751,16,1,28.23,0,0,1,other,1,1,1
508328,3,0,0.0,0,0,1,other,0,0,0
503834,4,0,0.0,1,0,0,search_ad,0,0,0
509660,10,0,0.0,0,0,1,other,1,0,1
505567,3,1,67.31,0,0,1,other,0,1,1
515321,17,0,0.0,0,0,1,other,1,0,0
512178,3,0,0.0,0,0,1,other,0,0,0
508952,3,0,0.0,0,0,1,other,0,0,1
505555,1,1,39.69,0,0,1,other,0,1,0
508167,6,0,0.0,1,0,0,search_ad,1,0,0
507021,3,1,39.24,1,0,0,search_ad,1,1,0
510426,5,1,58.34,0,0,1,other,0,1,1
501211,5,0,0.0,0,0,1,other,0,1,1
508338,2,0,0.0,1,0,0,search_ad,0,1,0
515754,6,1,82.38,0,0,1,other,0,1,1
505663,1,0,0.0,1,0,0,search_ad,0,0,0
506595,2,0,0.0,0,0,1,other,0,0,1
508409,3,0,0.0,0,0,1,other,0,0,0
505858,23,0,0.0,0,0,1,other,1,1,1
508197,1,0,0.0,0,0,1,other,0,0,0
509247,7,0,0.0,0,0,1,other,0,0,1
510338,5,0,0.0,0,0,1,other,0,0,0
514440,8,0,0.0,0,0,1,other,1,1,0
505614,3,0,0.0,0,0,1,other,0,0,1
506097,3,0,0.0,0,0,1,other,0,1,0
503546,3,1,40.2,0,0,1,other,0,0,0
502933,5,1,29.83,0,0,1,other,1,0,1
515308,6,0,0.0,0,0,1,other,0,0,1
500492,6,0,0.0,0,0,1,other,1,0,1
505305,1,0,0.0,0,1,0,affiliate,0,0,1
508899,11,0,0.0,0,0,1,other,1,0,1
507979,3,0,0.0,0,1,0,affiliate,0,0,0
501721,3,0,0.0,1,0,0,search_ad,1,0,0
511559,1,0,0.0,0,0,1,other,0,0,0
509206,1,0,0.0,0,0,1,other,0,1,1
502158,3,0,0.0,0,0,1,other,0,0,1
511814,4,0,0.0,0,0,1,other,0,1,0
501359,4,0,0.0,0,0,1,other,0,0,0
511968,4,0,0.0,0,0,1,other,0,1,0
503448,3,0,0.0,0,0,1,other,0,0,0
510244,6,1,79.52,0,0,1,other,0,0,0
513676,4,0,0.0,1,0,0,search_ad,0,1,0
507765,1,0,0.0,0,0,1,other,0,0,0
514586,1,0,0.0,0,0,1,other,1,0,0
501023,6,0,0.0,0,0,1,other,0,1,0
506495,3,0,0.0,0,0,1,other,0,0,0
510778,3,0,0.0,1,0,0,search_ad,0,0,1
513295,1,0,0.0,1,0,0,search_ad,0,0,0
512294,5,1,37.27,0,0,1,other,0,0,1
512239,4,1,48.15,1,0,0,search_ad,1,0,1
513521,2,0,0.0,0,0,1,other,0,1,0
515105,2,0,0.0,0,0,1,other,0,0,1
506533,3,0,0.0,1,0,0,search_ad,1,0,0
500837,2,0,0.0,0,0,1,other,0,0,0
512731,4,0,0.0,0,0,1,other,1,1,0
503756,10,0,0.0,0,0,1,other,0,1,0
502821,11,0,0.0,0,0,1,other,0,1,0
504773,2,0,0.0,0,0,1,other,0,1,0
515401,15,0,0.0,0,0,1,other,0,0,1
512130,11,1,60.15,0,0,1,other,0,0,0
503734,4,1,23.5,0,0,1,other,1,1,1
513621,12,1,73.58,0,0,1,other,1,0,0
510866,7,0,0.0,1,0,0,search_ad,1,0,1
505501,13,0,0.0,0,0,1,other,0,0,1
511263,17,0,0.0,0,0,1,other,0,1,0
507714,2,1,30.88,1,0,0,search_ad,1,1,0
511101,1,0,0.0,0,0,1,other,0,1,1
515223,2,0,0.0,1,0,0,search_ad,0,0,1
508251,2,0,0.0,0,0,1,other,1,1,0
500851,2,0,0.0,0,1,0,affiliate,1,0,0
504561,3,0,0.0,1,0,0,search_ad,0,0,1
512226,3,0,0.0,1,0,0,search_ad,0,1,1
503475,8,0,0.0,0,0,1,other,1,0,0
504765,3,0,0.0,1,0,0,search_ad,0,0,1
502289,3,0,0.0,0,0,1,other,0,0,0
512492,1,0,0.0,1,0,0,search_ad,0,0,0
512817,1,0,0.0,1,0,0,search_ad,0,0,1
507720,1,0,0.0,1,0,0,search_ad,0,0,0
508894,6,1,47.37,0,0,1,other,0,1,1
504032,5,0,0.0,0,0,1,other,0,0,1
502255,2,1,59.87,0,0,1,other,1,1,1
514941,10,0,0.0,0,0,1,other,1,0,0
510591,3,0,0.0,0,0,1,other,0,0,0
515938,2,0,0.0,0,0,1,other,0,1,1
509202,3,0,0.0,1,0,0,search_ad,0,0,1
513364,20,0,0.0,0,0,1,other,1,0,0
514069,7,0,0.0,0,0,1,other,0,1,1
500759,3,0,0.0,0,0,1,other,1,0,0
504314,3,0,0.0,1,0,0,search_ad,0,0,0
501523,4,0,0.0,0,0,1,other,1,0,0
502929,11,1,62.98,0,0,1,other,1,0,1
500896,1,0,0.0,0,0,1,other,0,0,1
514023,7,1,20.38,0,0,1,other,1,1,0
511288,7,0,0.0,0,0,1,other,0,0,1
509568,3,0,0.0,0,0,1,other,1,1,1
510702,4,0,0.0,0,1,0,affiliate,0,0,0
511057,8,1,137.31,0,0,1,other,1,1,0
502207,10,0,0.0,0,0,1,other,0,0,1
505457,4,0,0.0,1,0,0,search_ad,1,1,0
510324,10,1,110.78,0,0,1,other,1,0,0
502035,3,1,35.64,0,0,1,other,0,1,1
505271,5,0,0.0,1,0,0,search_ad,0,0,1
512441,5,0,0.0,0,0,1,other,0,0,0
500765,4,0,0.0,0,0,1,other,0,0,0
501460,9,1,62.39,0,0,1,other,0,1,1
508029,8,0,0.0,0,0,1,other,0,0,1
513027,1,0,0.0,0,0,1,other,0,1,0
508290,3,1,49.38,0,0,1,other,0,0,1
506914,3,0,0.0,1,0,0,search_ad,0,0,0
513678,4,0,0.0,1,0,0,search_ad,0,0,1
513063,8,0,0.0,0,0,1,other,0,0,0
503602,5,0,0.0,0,0,1,other,0,0,1
503403,6,0,0.0,1,0,0,search_ad,0,0,0
507782,8,1,61.2,0,0,1,other,1,0,0
509376,6,0,0.0,0,0,1,other,1,0,1
512630,12,0,0.0,0,0,1,other,0,1,0
506602,5,0,0.0,0,0,1,other,0,0,0
504534,4,0,0.0,0,0,1,other,0,0,0
508878,2,0,0.0,1,0,0,search_ad,0,1,1
512423,2,0,0.0,0,0,1,other,0,0,1
515548,14,0,0.0,0,0,1,other,0,0,0
505558,6,1,63.05,0,0,1,other,1,0,0
513557,2,0,0.0,0,0,1,other,0,0,0
509530,1,0,0.0,0,0,1,other,0,0,0
510122,2,1,76.54,0,0,1,other,1,0,0
511162,7,0,0.0,0,1,0,affiliate,0,0,1
511902,2,0,0.0,0,0,1,other,1,0,1
515946,3,0,0.0,0,0,1,other,0,0,0
515963,9,0,0.0,1,0,0,search_ad,0,0,1
504388,4,0,0.0,0,1,0,affiliate,0,0,0
508702,1,0,0.0,0,0,1,other,0,0,0
515776,10,1,30.62,0,0,1,other,0,1,0
502085,2,0,0.0,1,0,0,search_ad,0,0,0
510428,4,0,0.0,0,0,1,other,0,1,0
509975,5,0,0.0,0,0,1,other,0,1,0
515446,4,0,0.0,1,0,0,search_ad,0,1,0
503729,1,0,0.0,0,0,1,other,0,1,0
513023,6,0,0.0,0,0,1,other,0,0,0
502610,1,0,0.0,1,0,0,search_ad,0,0,0
509501,2,1,128.3,0,0,1,other,0,0,0
506761,3,0,0.0,0,0,1,other,1,1,0
508367,6,0,0.0,0,0,1,other,0,1,1
502997,6,1,73.76,0,0,1,other,1,1,1
501945,8,0,0.0,0,0,1,other,0,0,0
504227,8,0,0.0,0,0,1,other,1,1,0
504045,2,0,0.0,1,0,0,search_ad,0,1,0
502772,5,1,42.58,0,0,1,other,1,0,0
502361,12,0,0.0,0,0,1,other,0,0,1
507435,2,0,0.0,0,0,1,other,0,0,0
507040,3,0,0.0,0,0,1,other,1,0,1
515747,6,1,37.14,0,0,1,other,0,0,0
506959,1,1,30.32,0,0,1,other,0,0,1
503899,2,0,0.0,1,0,0,search_ad,1,0,0
514123,2,0,0.0,1,0,0,search_ad,0,0,0
514790,2,0,0.0,0,0,1,other,0,0,1
509248,1,0,0.0,0,0,1,other,0,1,0
511867,1,0,0.0,1,0,0,search_ad,0,1,0
514530,2,0,0.0,1,0,0,search_ad,0,0,0
502481,2,1,36.06,0,0,1,other,1,0,0
500047,10,0,0.0,0,0,1,other,0,0,0
503269,6,0,0.0,0,0,1,other,0,0,0
512732,8,1,57.43,0,0,1,other,1,0,1
500374,3,0,0.0,0,0,1,other,0,0,1
504515,14,0,0.0,0,0,1,other,0,0,1
508646,4,0,0.0,0,0,1,other,1,0,0
504448,3,0,0.0,0,0,1,other,1,1,0
503692,13,0,0.0,0,0,1,other,1,0,1
510309,5,0,0.0,1,0,0,search_ad,1,0,1
510703,5,0,0.0,0,0,1,other,0,1,0
515397,2,0,0.0,1,0,0,search_ad,1,1,1
503291,8,0,0.0,0,0,1,other,0,0,1
513608,8,1,55.76,0,0,1,other,1,1,0
514372,8,0,0.0,0,0,1,other,0,0,1
515686,1,0,0.0,1,0,0,search_ad,1,0,0
501373,2,0,0.0,1,0,0,search_ad,0,0,1
512056,3,0,0.0,1,0,0,search_ad,0,0,0
511907,4,0,0.0,0,0,1,other,1,0,0
511632,2,0,0.0,0,0,1,other,0,0,0
502345,1,0,0.0,0,0,1,other,1,1,1
506138,14,0,0.0,0,0,1,other,1,1,1
509647,3,1,29.6,0,0,1,other,0,0,1
508493,6,0,0.0,0,0,1,other,1,0,1
511275,17,0,0.0,1,0,0,search_ad,1,1,1
510821,7,1,66.55,0,0,1,other,1,0,0
514352,2,0,0.0,0,0,1,other,0,0,1
503290,3,0,0.0,0,0,1,other,1,0,0
511877,3,0,0.0,0,0,1,other,0,1,0
500201,5,0,0.0,0,0,1,other,0,1,1
511010,5,1,58.79,0,0,1,other,1,1,0
509427,1,0,0.0,1,0,0,search_ad,0,1,1
507511,2,0,0.0,0,0,1,other,1,0,1
509887,6,0,0.0,0,0,1,other,1,0,0
500469,5,1,66.7,0,0,1,other,0,0,1
500028,26,1,28.03,0,0,1,other,1,1,1
503222,2,0,0.0,1,0,0,search_ad,0,0,0
509805,1,0,0.0,1,0,0,search_ad,0,0,0
509922,4,0,0.0,0,0,1,other,0,0,1
504986,14,0,0.0,0,1,0,affiliate,1,0,0
510307,2,1,56.78,1,0,0,search_ad,0,1,0
506282,11,0,0.0,0,0,1,other,0,1,0
501769,10,0,0.0,0,0,1,other,0,1,1
503155,1,0,0.0,0,0,1,other,1,0,0
515076,1,0,0.0,0,0,1,other,0,0,0
509539,1,0,0.0,1,0,0,search_ad,0,0,1
513707,4,1,36.23,1,0,0,search_ad,1,0,0
503070,7,0,0.0,0,0,1,other,0,0,0
502532,1,0,0.0,1,0,0,search_ad,0,0,0
515998,3,0,0.0,0,0,1,other,0,1,1
508853,1,0,0.0,1,0,0,search_ad,0,0,0
515453,1,0,0.0,1,0,0,search_ad,0,0,0
501471,3,0,0.0,0,0,1,other,0,0,1
503839,17,0,0.0,0,0,1,other,0,1,0
510009,3,0,0.0,1,0,0,search_ad,1,0,0
500440,3,0,0.0,0,0,1,other,0,1,0
509444,20,1,57.88,0,1,0,affiliate,1,0,1
503992,1,0,0.0,1,0,0,search_ad,0,0,1
512710,1,1,45.18,0,0,1,other,1,1,0
500926,4,1,56.09,1,0,0,search_ad,0,1,0
501870,13,0,0.0,1,0,0,search_ad,1,0,1
500260,14,0,0.0,0,0,1,other,0,1,1
509996,2,1,71.21,0,0,1,other,0,0,0
504512,5,0,0.0,0,0,1,other,0,0,0
502302,2,0,0.0,1,0,0,search_ad,0,1,0
503107,1,0,0.0,0,0,1,other,1,1,0
507771,6,1,41.53,0,0,1,other,0,0,0
509253,6,0,0.0,0,0,1,other,0,0,0
511055,3,0,0.0,0,0,1,other,0,0,1
514201,4,0,0.0,1,0,0,search_ad,1,1,1
506546,5,0,0.0,0,0,1,other,0,0,1
504098,3,0,0.0,1,0,0,search_ad,1,0,0
502086,3,0,0.0,0,0,1,other,0,0,1
500751,5,1,49.11,1,0,0,search_ad,1,0,0
503572,4,0,0.0,0,0,1,other,0,1,1
509512,1,0,0.0,1,0,0,search_ad,0,0,0
515601,8,1,90.92,0,0,1,other,1,0,0
505024,4,1,50.78,0,0,1,other,1,0,1
503533,3,0,0.0,0,0,1,other,0,0,1
501808,3,0,0.0,0,0,1,other,0,0,0
504915,2,0,0.0,0,0,1,other,0,0,1
500928,10,0,0.0,0,0,1,other,0,1,0
502026,5,1,20.04,0,0,1,other,0,0,1
511433,4,1,23.72,0,1,0,affiliate,0,1,0
505503,4,0,0.0,0,0,1,other,0,0,1
515217,1,0,0.0,1,0,0,search_ad,0,0,1
513024,16,0,0.0,0,0,1,other,1,0,0
513893,5,0,0.0,0,0,1,other,0,0,1
504177,5,0,0.0,1,0,0,search_ad,1,0,0
506248,2,0,0.0,1,0,0,search_ad,0,0,0
513243,11,0,0.0,0,0,1,other,1,0,1
509755,2,1,20.52,1,0,0,search_ad,1,0,1
513357,8,0,0.0,0,0,1,other,0,0,0
506082,6,0,0.0,0,0,1,other,0,0,0
502272,1,0,0.0,0,0,1,other,0,0,0
506146,3,0,0.0,0,0,1,other,0,1,0
510028,3,0,0.0,0,0,1,other,0,0,0
511772,7,0,0.0,1,0,0,search_ad,1,0,0
512481,12,0,0.0,0,0,1,other,1,0,1
515353,10,1,96.99,0,0,1,other,0,1,1
514030,4,0,0.0,0,0,1,other,1,0,1
501122,4,0,0.0,0,0,1,other,1,0,1
509382,2,0,0.0,1,0,0,search_ad,0,0,1
514159,3,0,0.0,0,0,1,other,0,0,0
505944,5,0,0.0,1,0,0,search_ad,0,0,1
510361,2,1,51.22,0,0,1,other,0,0,0
502614,4,1,25.19,0,0,1,other,0,0,0
511207,5,1,77.49,0,0,1,other,1,1,1
515012,8,1,63.68,0,0,1,other,1,0,1
513433,1,0,0.0,1,0,0,search_ad,0,1,1
510366,2,1,53.27,0,0,1,other,0,0,1
505136,8,0,0.0,0,0,1,other,0,0,1
514560,2,0,0.0,0,0,1,other,0,1,1
513033,6,1,90.47,0,0,1,other,1,0,1
514291,10,0,0.0,0,0,1,other,0,0,1
508193,1,0,0.0,1,0,0,search_ad,0,1,0
515274,10,0,0.0,0,0,1,other,0,0,0
509503,2,1,53.73,0,0,1,other,0,0,1
510459,8,1,116.79,0,0,1,other,1,1,0
506178,2,0,0.0,1,0,0,search_ad,0,0,0
513781,2,0,0.0,1,0,0,search_ad,0,0,1
515044,7,1,114.13,0,0,1,other,0,1,1
513044,1,0,0.0,0,0,1,other,0,0,0
508571,5,1,97.05,0,1,0,affiliate,1,1,1
500274,1,1,53.79,0,0,1,other,1,0,0
505266,1,0,0.0,0,0,1,other,0,0,0
509995,1,0,0.0,1,0,0,search_ad,0,1,1
504451,1,0,0.0,1,0,0,search_ad,0,0,1
507797,1,0,0.0,0,0,1,other,1,0,1
509034,2,0,0.0,0,0,1,other,0,0,0
506434,3,0,0.0,0,0,1,other,1,1,0
506713,5,1,32.15,0,0,1,other,0,0,0
503335,13,1,47.1,0,0,1,other,1,0,0
504878,5,0,0.0,0,0,1,other,0,0,0
502349,3,0,0.0,0,0,1,other,0,0,0
512141,5,0,0.0,0,0,1,other,0,0,0
500258,2,0,0.0,0,0,1,other,0,0,0
509226,1,0,0.0,0,0,1,other,1,0,0
506246,6,0,0.0,1,0,0,search_ad,1,0,0
509855,3,1,41.89,0,0,1,other,1,0,1
500795,8,1,72.15,1,0,0,search_ad,1,0,1
502590,3,1,31.92,0,0,1,other,0,1,1
509179,3,0,0.0,0,0,1,other,0,1,1
504449,5,1,47.6,0,0,1,other,0,1,1
512905,4,1,34.13,0,0,1,other,0,0,1
505480,3,0,0.0,0,0,1,other,0,0,0
508481,2,1,165.59,0,0,1,other,1,0,0
511013,14,0,0.0,0,0,1,other,1,0,1
501607,8,1,82.6,0,0,1,other,0,1,1
504741,12,0,0.0,0,0,1,other,0,0,0
512398,2,0,0.0,0,0,1,other,0,1,0
510753,2,1,110.23,0,0,1,other,1,0,0
504817,10,0,0.0,0,0,1,other,1,0,1
502237,7,0,0.0,0,0,1,other,1,0,0
504615,5,0,0.0,0,1,0,affiliate,0,1,0
515081,8,0,0.0,0,0,1,other,0,1,0
513715,1,0,0.0,1,0,0,search_ad,0,0,0
509914,1,0,0.0,0,0,1,other,1,0,0
505793,7,0,0.0,0,0,1,other,1,0,1
504338,3,0,0.0,0,0,1,other,0,0,0
512480,3,0,0.0,1,0,0,search_ad,0,1,1
503636,3,1,69.42,0,0,1,other,0,1,1
505707,11,0,0.0,0,0,1,other,0,0,0
501984,3,1,28.51,0,0,1,other,0,0,0
511647,3,0,0.0,0,0,1,other,0,1,0
501454,6,0,0.0,0,0,1,other,0,1,0
514195,2,0,0.0,1,0,0,search_ad,0,0,0
502343,3,0,0.0,0,0,1,other,1,0,0
502555,7,0,0.0,0,0,1,other,0,0,0
514072,5,0,0.0,0,0,1,other,1,0,1
515893,16,1,43.08,0,0,1,other,1,1,1
511499,4,0,0.0,0,0,1,other,1,1,0
507086,4,0,0.0,1,0,0,search_ad,0,1,0
510461,6,0,0.0,0,0,1,other,0,1,0
508566,10,1,41.05,0,0,1,other,0,1,0
514540,2,1,56.62,1,0,0,search_ad,1,0,0
506873,9,0,0.0,1,0,0,search_ad,0,0,1
509483,4,0,0.0,1,0,0,search_ad,1,0,0
503411,3,0,0.0,1,0,0,search_ad,0,1,0
507636,8,0,0.0,0,0,1,other,0,0,1
507627,2,0,0.0,0,0,1,other,0,0,0
503261,4,0,0.0,1,0,0,search_ad,1,1,1
505398,4,0,0.0,0,1,0,affiliate,0,1,0
509143,6,0,0.0,0,0,1,other,0,1,1
509882,6,0,0.0,0,0,1,other,1,1,0
515007,3,1,21.45,0,0,1,other,0,0,0
503214,7,0,0.0,0,0,1,other,0,1,0
510240,3,1,77.79,0,0,1,other,0,1,0
505946,2,1,38.62,0,1,0,affiliate,0,0,1
505872,2,0,0.0,0,0,1,other,1,1,1
500189,10,0,0.0,0,0,1,other,0,0,1
500806,10,0,0.0,0,1,0,affiliate,1,1,0
505759,5,0,0.0,0,0,1,other,0,0,0
515910,4,0,0.0,0,0,1,other,0,1,0
500609,8,0,0.0,0,0,1,other,0,0,0
514006,7,1,46.83,0,0,1,other,1,0,1
509741,5,0,0.0,0,0,1,other,1,0,0
507945,5,0,0.0,0,0,1,other,1,0,0
509555,4,0,0.0,1,0,0,search_ad,0,0,0
514155,10,0,0.0,0,0,1,other,1,0,1
508380,6,0,0.0,0,0,1,other,0,1,0
502752,5,0,0.0,0,0,1,other,0,1,0
510378,3,0,0.0,0,0,1,other,0,1,0
512122,7,0,0.0,0,0,1,other,0,1,0
500219,3,0,0.0,1,0,0,search_ad,0,1,0
504378,12,1,163.44,0,0,1,other,0,0,1
500361,3,0,0.0,0,0,1,other,0,1,0
505653,4,0,0.0,0,0,1,other,1,0,0
509177,3,0,0.0,0,0,1,other,1,1,0
504411,1,0,0.0,0,0,1,other,0,0,0
500328,5,0,0.0,0,0,1,other,0,0,0
504487,14,0,0.0,0,0,1,other,0,0,1
513046,6,1,39.65,0,0,1,other,1,0,1
511266,13,0,0.0,1,0,0,search_ad,1,1,0
506425,16,1,40.76,0,0,1,other,0,1,1
503017,2,1,46.05,0,0,1,other,1,1,0
513134,1,0,0.0,0,0,1,other,0,0,0
504904,9,0,0.0,0,0,1,other,1,1,1
505225,1,1,23.63,0,0,1,other,1,1,1
507560,11,0,0.0,0,0,1,other,0,1,0
506174,8,1,80.19,0,0,1,other,0,0,1
507018,6,0,0.0,0,1,0,affiliate,0,1,0
508331,5,0,0.0,0,0,1,other,0,0,0
510010,8,0,0.0,0,0,1,other,0,0,1
512355,9,0,0.0,0,0,1,other,1,0,0
511114,2,0,0.0,0,0,1,other,1,0,0
508496,11,0,0.0,0,0,1,other,1,1,0
513305,3,0,0.0,0,0,1,other,0,0,1
501651,2,0,0.0,1,0,0,search_ad,0,0,0
511025,3,0,0.0,0,1,0,affiliate,0,0,0
511595,11,0,0.0,0,0,1,other,0,1,0
503777,5,1,43.07,0,0,1,other,1,1,1
505080,6,0,0.0,0,0,1,other,0,0,1
509893,1,0,0.0,0,0,1,other,0,1,1
503208,6,0,0.0,0,0,1,other,0,1,0
512038,4,1,31.16,0,0,1,other,1,0,0
514000,15,0,0.0,0,0,1,other,1,0,1
512651,4,0,0.0,0,0,1,other,0,1,1
508484,6,0,0.0,1,0,0,search_ad,1,1,0
513233,9,1,53.81,0,0,1,other,1,0,0
508257,7,0,0.0,0,0,1,other,0,1,1
512996,4,0,0.0,1,0,0,search_ad,0,0,0
511451,6,0,0.0,1,0,0,search_ad,0,1,0
506891,3,0,0.0,0,0,1,other,0,0,1
504769,7,0,0.0,0,0,1,other,1,1,0
512103,10,0,0.0,0,0,1,other,0,0,1
506033,1,1,16.63,0,0,1,other,1,1,0
506923,6,0,0.0,0,0,1,other,1,1,0
508274,2,0,0.0,0,0,1,other,0,1,0
510099,1,0,0.0,0,0,1,other,1,0,0
504013,6,0,0.0,0,0,1,other,0,0,1
501685,1,1,69.72,0,0,1,other,0,1,1
506276,1,0,0.0,1,0,0,search_ad,1,1,0
504049,1,1,54.8,0,0,1,other,1,0,1
500042,10,1,106.23,1,0,0,search_ad,1,1,1
509356,14,0,0.0,0,0,1,other,1,1,0
509905,2,0,0.0,1,0,0,search_ad,0,0,0
510331,3,0,0.0,1,0,0,search_ad,0,1,0
514496,1,0,0.0,0,0,1,other,0,0,0
508132,6,1,14.39,0,0,1,other,0,0,1
515844,3,0,0.0,0,0,1,other,0,1,0
507174,3,1,48.78,0,0,1,other,0,1,1
505099,4,1,120.99,0,0,1,other,0,0,0
508305,7,0,0.0,0,0,1,other,1,1,0
511503,6,0,0.0,0,0,1,other,0,0,1
511142,4,1,66.4,0,0,1,other,1,1,1
508241,3,0,0.0,0,0,1,other,0,1,1
512616,4,0,0.0,0,0,1,other,1,0,0
502814,2,0,0.0,1,0,0,search_ad,1,0,0
510216,8,0,0.0,0,1,0,affiliate,0,1,0
509460,1,0,0.0,1,0,0,search_ad,1,0,1
505557,3,0,0.0,0,0,1,other,0,0,0
506336,7,1,48.04,0,0,1,other,0,0,1
504232,1,0,0.0,1,0,0,search_ad,0,0,0
507842,2,1,42.89,0,0,1,other,0,0,0
510608,3,1,88.67,1,0,0,search_ad,0,0,0
513832,10,1,62.99,0,0,1,other,1,1,1
506187,1,0,0.0,1,0,0,search_ad,0,0,0
507294,7,0,0.0,0,0,1,other,1,0,0
507557,2,0,0.0,0,0,1,other,0,0,0
502058,13,1,91.25,0,0,1,other,1,0,1
508874,3,0,0.0,0,0,1,other,0,0,1
513304,1,0,0.0,1,0,0,search_ad,0,1,0
501255,1,1,44.78,0,0,1,other,1,1,1
501587,1,1,97.66,0,0,1,other,1,1,0
506819,5,0,0.0,0,0,1,other,1,1,0
513266,1,0,0.0,1,0,0,search_ad,1,0,0
504111,5,0,0.0,0,0,1,other,0,0,0
502178,6,1,59.7,0,0,1,other,0,1,1
512645,2,0,0.0,1,0,0,search_ad,0,0,1
510492,2,0,0.0,0,0,1,other,0,0,1
503598,3,0,0.0,0,0,1,other,0,1,0
513218,9,0,0.0,0,0,1,other,1,0,0
502678,3,0,0.0,0,0,1,other,0,1,0
510150,3,1,94.66,0,0,1,other,1,1,0
508207,5,0,0.0,0,0,1,other,0,0,0
510567,1,0,0.0,0,0,1,other,0,0,1
512894,18,1,47.45,0,0,1,other,1,1,0
513784,3,0,0.0,0,0,1,other,1,1,0
506931,3,0,0.0,1,0,0,search_ad,0,0,1
503823,3,0,0.0,0,0,1,other,0,1,0
504396,2,0,0.0,1,0,0,search_ad,0,0,0
513933,3,0,0.0,0,0,1,other,0,0,1
513124,2,1,29.72,1,0,0,search_ad,0,0,1
509816,6,0,0.0,0,0,1,other,0,0,0
502885,2,0,0.0,0,1,0,affiliate,1,0,0
503121,1,0,0.0,1,0,0,search_ad,0,0,1
515312,1,0,0.0,0,0,1,other,0,0,0
502022,5,1,70.14,0,0,1,other,1,1,0
515800,1,0,0.0,1,0,0,search_ad,1,0,0
509054,2,1,39.07,0,0,1,other,1,0,0
515368,2,1,17.16,0,0,1,other,0,0,0
508760,3,1,33.12,0,0,1,other,0,0,0
515507,2,0,0.0,0,0,1,other,0,0,0
512093,2,0,0.0,0,0,1,other,0,0,1
500386,3,0,0.0,1,0,0,search_ad,0,0,1
505045,1,0,0.0,0,0,1,other,0,1,0
510767,1,1,60.46,0,0,1,other,1,1,0
502120,2,0,0.0,1,0,0,search_ad,0,0,0
514773,3,0,0.0,0,0,1,other,0,0,1
500312,6,0,0.0,0,0,1,other,1,0,1
506726,7,1,40.91,0,0,1,other,0,0,1
508761,2,0,0.0,0,0,1,other,0,1,1
513319,4,1,48.18,0,0,1,other,0,1,1
507050,2,0,0.0,0,0,1,other,0,1,0
502082,3,0,0.0,1,0,0,search_ad,0,1,0
514611,5,0,0.0,0,0,1,other,1,0,1
515703,2,0,0.0,1,0,0,search_ad,1,1,0
509396,2,0,0.0,0,0,1,other,0,1,0
515221,6,0,0.0,1,0,0,search_ad,0,1,1
503880,5,1,51.7,0,0,1,other,0,0,1
512167,5,0,0.0,0,0,1,other,1,1,1
504343,4,0,0.0,0,0,1,other,0,0,0
501054,8,0,0.0,0,0,1,other,0,0,0
511258,3,1,19.26,0,0,1,other,0,1,1
503560,2,0,0.0,1,0,0,search_ad,1,1,0
502299,4,0,0.0,1,0,0,search_ad,0,1,0
514267,3,0,0.0,1,0,0,search_ad,0,1,1
515190,3,0,0.0,0,0,1,other,0,0,1
508689,9,0,0.0,0,1,0,affiliate,0,0,1
510587,2,0,0.0,1,0,0,search_ad,0,0,0
512829,3,0,0.0,0,0,1,other,1,1,0
504123,7,0,0.0,0,0,1,other,0,1,0
505564,4,0,0.0,1,0,0,search_ad,0,0,1
505216,10,1,96.47,0,0,1,other,1,1,1
508012,2,0,0.0,0,0,1,other,1,0,0
500354,4,0,0.0,0,0,1,other,0,0,0
515372,16,0,0.0,0,0,1,other,0,0,1
508127,5,0,0.0,0,0,1,other,0,0,0
509223,1,0,0.0,0,0,1,other,0,0,0
503805,2,0,0.0,1,0,0,search_ad,0,0,1
502468,11,1,72.7,0,0,1,other,1,1,0
514820,5,0,0.0,0,0,1,other,0,1,0
509727,12,0,0.0,1,0,0,search_ad,1,0,1
512427,6,0,0.0,0,0,1,other,0,0,1
504801,2,0,0.0,0,0,1,other,0,0,0
515598,4,0,0.0,0,0,1,other,0,0,1
514271,4,1,60.0,0,0,1,other,0,1,0
500015,2,1,59.81,0,0,1,other,0,1,1
507920,7,0,0.0,1,0,0,search_ad,1,0,0
503949,16,0,0.0,0,0,1,other,1,0,0
507551,3,0,0.0,0,0,1,other,0,0,0
500534,4,0,0.0,0,0,1,other,0,1,1
502994,7,0,0.0,0,0,1,other,0,1,1
510867,6,1,28.75,0,0,1,other,0,0,1
503845,6,0,0.0,0,0,1,other,0,1,1
515047,9,0,0.0,0,0,1,other,0,1,1
509641,9,0,0.0,1,0,0,search_ad,0,1,1
508073,2,0,0.0,1,0,0,search_ad,1,0,0
501480,2,0,0.0,1,0,0,search_ad,0,0,0
514879,7,1,43.91,0,0,1,other,1,1,1
504443,2,0,0.0,0,0,1,other,0,0,0
504398,5,0,0.0,0,0,1,other,0,1,0
515549,3,0,0.0,0,0,1,other,0,0,1
508450,7,0,0.0,0,0,1,other,0,1,0
504964,14,0,0.0,0,0,1,other,0,0,1
513112,4,0,0.0,0,0,1,other,0,1,0
506078,6,0,0.0,0,0,1,other,0,0,0
502324,10,1,48.18,0,0,1,other,0,0,0
500569,2,1,58.13,1,0,0,search_ad,0,1,1
505937,6,0,0.0,1,0,0,search_ad,1,0,0
502989,1,0,0.0,0,0,1,other,0,0,1
500032,10,0,0.0,1,0,0,search_ad,0,0,1
504510,3,0,0.0,0,0,1,other,0,0,0
500122,4,0,0.0,0,0,1,other,0,0,0
509510,5,0,0.0,0,0,1,other,1,0,1
501612,2,0,0.0,0,0,1,other,1,0,0
504984,2,1,54.46,0,0,1,other,1,0,1
502831,13,0,0.0,0,0,1,other,0,1,1
504011,4,0,0.0,0,0,1,other,0,1,0
508736,8,1,44.45,1,0,0,search_ad,1,1,1
507613,3,0,0.0,0,0,1,other,0,0,0
515359,9,0,0.0,0,0,1,other,1,0,1
510731,5,0,0.0,1,0,0,search_ad,0,0,0
507150,11,0,0.0,0,0,1,other,0,1,0
511896,4,1,31.33,0,0,1,other,0,0,1
500733,7,1,21.34,1,0,0,search_ad,1,1,0
504527,2,0,0.0,1,0,0,search_ad,1,0,0
514470,23,0,0.0,0,0,1,other,0,0,1
500080,13,1,21.15,0,0,1,other,0,0,1
502472,8,1,83.79,0,0,1,other,1,1,0
507773,6,1,175.16,0,0,1,other,1,0,0
500411,6,1,28.16,0,0,1,other,1,1,0
511873,1,0,0.0,0,0,1,other,0,0,0
503670,2,1,133.34,0,0,1,other,0,0,0
508077,4,0,0.0,0,0,1,other,0,1,1
501085,2,0,0.0,1,0,0,search_ad,0,0,0
510297,4,0,0.0,1,0,0,search_ad,0,1,1
506409,2,0,0.0,0,1,0,affiliate,0,0,0
502320,5,1,37.02,0,0,1,other,0,0,1
502217,5,1,56.78,0,0,1,other,0,1,0
509725,10,1,45.85,0,0,1,other,1,0,0
509923,3,0,0.0,0,0,1,other,1,0,0
504861,2,0,0.0,0,0,1,other,0,0,1
509844,4,0,0.0,0,0,1,other,1,1,1
512753,4,0,0.0,0,0,1,other,0,0,1
509626,2,0,0.0,1,0,0,search_ad,1,0,1
515215,1,0,0.0,0,0,1,other,0,1,0
514816,2,0,0.0,0,0,1,other,0,1,1
511817,3,0,0.0,0,0,1,other,0,1,0
502792,3,0,0.0,0,0,1,other,0,0,0
514873,3,0,0.0,0,0,1,other,0,0,0
513575,24,1,49.49,0,0,1,other,1,0,0
503903,2,0,0.0,0,0,1,other,0,0,0
512681,3,1,51.34,1,0,0,search_ad,0,1,1
512485,3,1,9.54,0,0,1,other,0,0,0
509294,3,0,0.0,0,0,1,other,0,0,0
506062,3,0,0.0,1,0,0,search_ad,0,1,1
510372,5,0,0.0,0,0,1,other,0,0,0
504230,6,0,0.0,0,0,1,other,0,1,0
515806,3,0,0.0,1,0,0,search_ad,1,1,1
511748,17,0,0.0,0,1,0,affiliate,1,0,0
513158,1,0,0.0,1,0,0,search_ad,0,0,0
512182,5,1,42.59,0,0,1,other,0,1,1
509899,2,0,0.0,0,0,1,other,1,0,0
503838,2,1,97.05,0,0,1,other,0,1,0
515177,5,1,27.77,0,0,1,other,0,1,1
502190,5,0,0.0,0,0,1,other,1,0,0
505386,4,0,0.0,0,0,1,other,1,0,0
505332,4,0,0.0,1,0,0,search_ad,0,1,1
504231,1,0,0.0,0,0,1,other,0,1,1
513685,11,0,0.0,0,0,1,other,0,0,1
508392,2,0,0.0,1,0,0,search_ad,0,0,1
507232,1,0,0.0,0,0,1,other,0,0,1
510580,6,0,0.0,0,0,1,other,0,0,0
512868,11,1,63.64,0,0,1,other,1,0,0
511195,1,1,41.18,0,0,1,other,1,0,0
509285,8,1,109.65,0,0,1,other,1,1,0
500474,5,0,0.0,0,0,1,other,1,0,0
505383,11,0,0.0,0,0,1,other,0,0,0
514039,2,1,53.95,0,0,1,other,1,1,1
513335,12,0,0.0,0,0,1,other,0,0,1
507079,3,0,0.0,0,0,1,other,0,0,1
505529,7,0,0.0,0,0,1,other,0,1,0
510548,4,0,0.0,1,0,0,search_ad,0,0,1
503887,4,0,0.0,0,0,1,other,0,0,0
503990,3,0,0.0,0,0,1,other,0,0,0
509859,4,0,0.0,0,0,1,other,0,1,1
514744,2,0,0.0,0,0,1,other,0,0,0
501663,3,0,0.0,0,0,1,other,1,0,1
500456,12,0,0.0,0,0,1,other,0,0,1
502251,3,0,0.0,0,0,1,other,1,1,0
502003,1,0,0.0,1,0,0,search_ad,0,0,0
512748,1,0,0.0,1,0,0,search_ad,0,0,0
507582,1,1,59.89,1,0,0,search_ad,1,1,1
501731,2,1,70.8,0,0,1,other,1,0,1
515738,21,0,0.0,0,0,1,other,1,0,1
502070,5,0,0.0,0,0,1,other,1,0,1
502974,9,1,52.6,0,0,1,other,1,0,1
507656,7,1,50.55,0,0,1,other,1,1,0
515725,3,1,106.16,0,0,1,other,1,0,0
515449,8,1,173.03,0,0,1,other,1,0,1
506804,7,1,60.37,0,0,1,other,0,0,0
505014,6,0,0.0,0,0,1,other,1,0,0
504519,4,0,0.0,0,0,1,other,0,0,1
512281,14,0,0.0,0,0,1,other,0,1,1
508402,6,0,0.0,1,0,0,search_ad,1,1,1
506741,7,0,0.0,1,0,0,search_ad,0,0,1
515672,6,0,0.0,0,0,1,other,1,1,0
510888,11,1,25.95,0,0,1,other,0,1,1
515411,1,0,0.0,1,0,0,search_ad,0,0,0
507204,15,0,0.0,0,0,1,other,1,1,1
504465,3,1,80.61,0,0,1,other,1,1,1
505026,1,0,0.0,1,0,0,search_ad,0,1,0
508652,17,0,0.0,0,0,1,other,1,0,1
500174,3,0,0.0,0,0,1,other,0,0,1
501748,5,0,0.0,1,0,0,search_ad,0,0,1
500051,11,0,0.0,0,0,1,other,0,0,0
509758,1,1,54.36,0,0,1,other,0,1,0
510105,6,1,57.45,0,0,1,other,0,1,1
505968,10,1,113.63,0,0,1,other,1,0,0
500086,8,0,0.0,0,0,1,other,0,1,1
503099,5,0,0.0,0,0,1,other,1,0,1
500400,4,0,0.0,1,0,0,search_ad,1,0,0
506934,9,0,0.0,0,0,1,other,0,1,0
500750,5,1,13.09,0,0,1,other,1,0,0
510114,6,0,0.0,0,0,1,other,1,0,0
511470,8,0,0.0,0,0,1,other,0,1,1
512083,2,0,0.0,1,0,0,search_ad,0,0,0
502155,3,0,0.0,1,0,0,search_ad,0,0,1
515978,8,0,0.0,0,0,1,other,0,0,1
506622,1,1,62.1,1,0,0,search_ad,0,1,0
511122,3,0,0.0,0,0,1,other,0,0,1
511577,9,0,0.0,1,0,0,search_ad,1,0,0
507812,7,1,46.01,0,0,1,other,0,1,0
502267,1,0,0.0,0,0,1,other,0,0,0
501040,1,0,0.0,1,0,0,search_ad,0,1,1
506308,4,1,77.33,0,0,1,other,0,1,0
514545,7,1,120.77,0,0,1,other,0,0,0
507742,11,0,0.0,0,0,1,other,1,0,1
509807,2,0,0.0,0,0,1,other,0,0,0
501140,3,0,0.0,0,0,1,other,0,1,0
513471,2,0,0.0,0,0,1,other,0,0,0
515860,3,0,0.0,0,0,1,other,0,1,1
504903,3,0,0.0,0,0,1,other,0,0,0
515939,6,1,56.79,0,0,1,other,1,0,1
509130,9,0,0.0,0,0,1,other,0,1,0
507975,3,0,0.0,0,0,1,other,0,0,0
510653,3,1,58.22,0,0,1,other,0,1,0
506190,5,0,0.0,0,0,1,other,0,0,0
505381,5,1,44.01,0,0,1,other,1,1,1
507349,6,0,0.0,1,0,0,search_ad,0,0,0
505613,1,0,0.0,0,0,1,other,0,0,1
506210,2,0,0.0,0,0,1,other,0,1,0
501689,2,1,62.15,0,0,1,other,1,0,0
501740,2,0,0.0,1,0,0,search_ad,0,0,1
507748,4,1,31.32,0,0,1,other,1,0,0
507837,4,1,31.62,0,0,1,other,1,1,0
513984,5,1,48.08,0,0,1,other,0,1,0
505689,8,1,47.26,0,0,1,other,0,0,1
505118,1,0,0.0,0,0,1,other,0,0,1
501563,2,0,0.0,1,0,0,search_ad,0,1,0
502806,9,0,0.0,0,0,1,other,1,1,1
505149,2,0,0.0,1,0,0,search_ad,0,0,0
515624,2,0,0.0,1,0,0,search_ad,0,0,1
515734,1,0,0.0,0,0,1,other,0,0,0
505961,4,1,86.47,0,0,1,other,1,0,0
512620,2,0,0.0,1,0,0,search_ad,0,0,0
503342,4,0,0.0,0,0,1,other,1,1,0
515024,4,0,0.0,0,0,1,other,0,0,0
509086,7,0,0.0,0,0,1,other,0,0,0
506858,1,0,0.0,1,0,0,search_ad,0,1,1
504148,6,0,0.0,0,0,1,other,0,0,0
503548,3,1,96.16,1,0,0,search_ad,0,0,1
506518,13,0,0.0,0,1,0,affiliate,0,1,0
515691,3,0,0.0,0,0,1,other,0,1,0
501226,5,0,0.0,0,0,1,other,0,0,0
508937,3,0,0.0,0,0,1,other,1,0,0
508584,2,0,0.0,0,0,1,other,0,0,1
508518,12,0,0.0,1,0,0,search_ad,0,1,1
511199,4,0,0.0,1,0,0,search_ad,0,1,0
509489,7,1,43.16,0,0,1,other,1,0,1
506992,3,0,0.0,0,0,1,other,1,0,1
511805,7,1,89.45,0,0,1,other,1,0,0
508880,4,0,0.0,0,0,1,other,1,0,1
510924,6,0,0.0,1,0,0,search_ad,1,1,1
509308,1,0,0.0,0,0,1,other,0,0,1
512541,2,0,0.0,1,0,0,search_ad,0,0,0
510863,7,0,0.0,0,0,1,other,0,0,0
510606,6,0,0.0,0,0,1,other,1,1,0
506182,9,0,0.0,1,0,0,search_ad,1,1,1
514497,5,1,37.9,0,0,1,other,0,0,1
500001,2,1,48.17,1,0,0,search_ad,1,1,0
510983,6,0,0.0,0,0,1,other,1,0,1
505479,8,0,0.0,0,0,1,other,1,0,0
502999,1,1,32.87,0,0,1,other,1,0,1
509737,8,0,0.0,0,0,1,other,0,0,0
504837,2,0,0.0,0,0,1,other,0,1,0
501581,6,0,0.0,1,0,0,search_ad,1,0,1
512795,9,0,0.0,1,0,0,search_ad,0,0,0
508840,11,0,0.0,0,0,1,other,0,1,1
508716,3,0,0.0,1,0,0,search_ad,1,0,0
506197,3,1,46.15,0,0,1,other,1,0,1
515530,2,0,0.0,1,0,0,search_ad,0,0,0
508583,6,0,0.0,0,0,1,other,0,0,1
508804,5,0,0.0,0,0,1,other,0,0,1
504795,5,0,0.0,0,0,1,other,0,0,0
504140,6,0,0.0,0,0,1,other,0,0,0
515155,7,0,0.0,0,0,1,other,0,1,1
515304,2,0,0.0,0,0,1,other,0,0,0
513156,1,0,0.0,0,0,1,other,0,0,0
504786,1,0,0.0,1,0,0,search_ad,0,1,0
508975,5,1,26.83,0,0,1,other,1,0,1
511509,5,0,0.0,0,0,1,other,1,1,0
507008,11,0,0.0,0,0,1,other,1,1,0
503209,4,0,0.0,0,0,1,other,1,1,1
511765,4,0,0.0,0,0,1,other,1,0,0
512508,3,0,0.0,0,0,1,other,0,0,1
508966,1,0,0.0,0,0,1,other,0,0,1
502440,3,0,0.0,0,0,1,other,1,1,1
506919,1,0,0.0,1,0,0,search_ad,1,1,0
507815,4,1,59.24,0,0,1,other,0,0,1
511271,14,1,83.51,0,0,1,other,0,1,1
503059,10,0,0.0,0,0,1,other,1,1,1
502100,2,0,0.0,0,0,1,other,0,0,0
515409,4,0,0.0,0,0,1,other,1,0,1
509675,3,0,0.0,0,0,1,other,1,0,0
507031,2,1,24.42,0,0,1,other,1,0,0
502232,5,0,0.0,0,0,1,other,1,0,0
504130,2,1,48.72,0,0,1,other,1,1,1
508411,9,0,0.0,0,0,1,other,1,1,1
501936,19,1,50.31,0,0,1,other,1,1,1
509775,6,1,97.83,0,0,1,other,1,0,0
509851,1,0,0.0,0,0,1,other,1,0,0
505652,9,0,0.0,0,0,1,other,0,0,1
511292,4,0,0.0,0,0,1,other,1,0,1
502184,3,0,0.0,0,0,1,other,0,0,1
511231,1,0,0.0,0,0,1,other,0,1,1
511466,3,0,0.0,0,0,1,other,0,0,1
500625,5,0,0.0,1,0,0,search_ad,0,1,0
507840,8,1,60.87,0,0,1,other,1,1,1
504074,1,1,148.3,0,0,1,other,0,0,0
512615,5,0,0.0,0,0,1,other,0,0,1
513251,4,0,0.0,0,0,1,other,0,0,0
510001,7,0,0.0,0,0,1,other,1,0,1
505036,4,0,0.0,0,1,0,affiliate,1,0,0
512165,9,0,0.0,0,0,1,other,1,1,0
502975,7,0,0.0,0,0,1,other,1,1,0
509925,5,0,0.0,0,0,1,other,0,1,1
508733,5,0,0.0,1,0,0,search_ad,0,0,0
513935,1,0,0.0,1,0,0,search_ad,0,1,1
512511,6,1,65.64,0,1,0,affiliate,1,1,0
514475,3,0,0.0,0,0,1,other,1,0,0
514974,4,0,0.0,1,0,0,search_ad,0,1,0
514724,19,0,0.0,0,0,1,other,0,0,1
511201,5,0,0.0,0,0,1,other,0,0,1
504246,10,0,0.0,0,0,1,other,0,0,1
514945,6,0,0.0,0,0,1,other,0,0,0
511793,2,1,54.93,0,0,1,other,0,0,1
515395,3,0,0.0,0,0,1,other,0,0,0
512676,4,0,0.0,0,0,1,other,0,0,1
513406,2,0,0.0,0,0,1,other,0,0,1
500009,10,0,0.0,0,0,1,other,0,1,1
513946,8,0,0.0,1,0,0,search_ad,1,0,0
514181,4,0,0.0,0,0,1,other,0,0,1
507802,6,1,80.0,0,0,1,other,0,1,1
500830,18,0,0.0,1,0,0,search_ad,1,1,1
513555,2,0,0.0,0,0,1,other,0,0,1
513387,3,0,0.0,0,0,1,other,0,0,0
510836,12,0,0.0,0,0,1,other,0,0,0
500451,1,0,0.0,0,0,1,other,0,1,0
511742,8,0,0.0,0,0,1,other,0,0,1
503635,9,0,0.0,0,0,1,other,1,0,1
512831,16,1,78.93,0,0,1,other,1,0,1
508631,3,0,0.0,1,0,0,search_ad,0,0,0
513609,2,1,90.98,0,0,1,other,1,0,1
509897,7,1,83.31,0,0,1,other,1,0,1
506352,2,0,0.0,0,0,1,other,0,0,1
508538,5,0,0.0,0,0,1,other,0,1,0
510262,2,0,0.0,1,0,0,search_ad,0,1,1
513130,5,1,38.7,0,0,1,other,1,0,0
505145,1,0,0.0,1,0,0,search_ad,0,1,1
503046,1,0,0.0,0,0,1,other,0,0,1
503847,8,0,0.0,0,0,1,other,0,0,0
500182,5,1,79.05,0,0,1,other,1,0,1
508031,2,0,0.0,0,0,1,other,0,0,1
501322,6,1,25.31,0,0,1,other,0,1,1
506367,8,0,0.0,1,0,0,search_ad,1,0,0
502358,6,0,0.0,0,0,1,other,0,0,1
509637,11,0,0.0,1,0,0,search_ad,1,0,0
509140,7,1,30.93,0,0,1,other,1,0,0
504029,5,0,0.0,0,0,1,other,0,0,0
505505,2,1,69.41,0,0,1,other,0,0,1
511734,5,0,0.0,0,0,1,other,0,1,1
514337,3,0,0.0,1,0,0,search_ad,0,0,1
512068,7,1,65.98,0,0,1,other,0,0,1
502253,2,0,0.0,1,0,0,search_ad,0,0,1
512603,9,0,0.0,1,0,0,search_ad,1,0,1
513417,2,0,0.0,0,0,1,other,0,0,1
504973,1,0,0.0,1,0,0,search_ad,0,0,1
500255,1,0,0.0,0,0,1,other,0,1,1
502175,4,0,0.0,1,0,0,search_ad,0,0,0
506030,4,0,0.0,0,0,1,other,0,0,0
502674,8,1,53.0,0,0,1,other,1,1,0
508825,1,0,0.0,1,0,0,search_ad,0,1,0
514102,2,0,0.0,1,0,0,search_ad,0,0,1
509321,3,1,49.17,0,0,1,other,0,1,0
505387,1,0,0.0,0,0,1,other,0,1,0
506757,12,0,0.0,0,0,1,other,0,0,1
504170,3,0,0.0,0,0,1,other,1,0,0
511847,4,0,0.0,0,0,1,other,1,1,1
501599,3,0,0.0,1,0,0,search_ad,0,0,1
512034,1,0,0.0,1,0,0,search_ad,0,0,0
515929,7,0,0.0,0,0,1,other,0,0,0
501804,1,0,0.0,1,0,0,search_ad,0,0,0
510128,2,1,62.63,0,0,1,other,0,0,1
502381,8,1,71.69,0,0,1,other,1,1,1
509114,5,0,0.0,0,0,1,other,0,0,1
514326,5,1,36.09,0,0,1,other,1,0,0
505378,6,1,52.97,0,0,1,other,1,0,0
508650,3,0,0.0,0,0,1,other,0,1,1
505909,5,0,0.0,1,0,0,search_ad,0,0,1
502123,8,1,51.81,0,0,1,other,0,0,0
515645,7,1,39.76,0,0,1,other,1,0,0
509187,1,0,0.0,1,0,0,search_ad,1,1,0
501733,13,0,0.0,0,0,1,other,0,0,1
506703,6,0,0.0,0,0,1,other,0,1,0
500773,1,0,0.0,1,0,0,search_ad,0,0,1
514547,15,0,0.0,0,0,1,other,1,1,0
508421,4,1,50.12,0,1,0,affiliate,1,1,1
500285,6,0,0.0,0,0,1,other,0,1,1
503483,1,0,0.0,0,0,1,other,0,0,1
502499,7,0,0.0,0,0,1,other,0,0,0
513272,2,0,0.0,0,0,1,other,0,0,1
500395,1,1,61.12,0,0,1,other,1,0,1
503388,7,0,0.0,0,0,1,other,1,1,1
502141,3,0,0.0,0,0,1,other,0,0,0
500327,9,1,123.6,0,0,1,other,1,1,1
502268,8,0,0.0,0,0,1,other,0,0,1
502615,6,0,0.0,0,0,1,other,0,0,0
510658,3,0,0.0,0,0,1,other,0,0,0
506212,4,1,73.74,0,0,1,other,0,0,0
505340,5,1,25.66,1,0,0,search_ad,1,1,0
500178,20,1,109.66,0,0,1,other,1,1,0
515627,5,1,156.79,1,0,0,search_ad,0,0,0
512638,7,0,0.0,0,0,1,other,1,0,1
512882,7,1,92.5,0,0,1,other,1,0,0
515079,1,0,0.0,0,0,1,other,0,1,0
507832,3,0,0.0,1,0,0,search_ad,0,0,0
512948,2,0,0.0,0,0,1,other,0,0,0
508820,3,1,59.71,0,0,1,other,0,1,0
510475,7,0,0.0,0,0,1,other,1,0,0
502125,5,1,21.58,0,0,1,other,1,0,0
507745,4,0,0.0,0,1,0,affiliate,0,0,1
506463,5,0,0.0,1,0,0,search_ad,1,0,0
510253,5,1,70.2,0,0,1,other,1,0,0
501262,7,1,85.93,0,0,1,other,0,1,1
511899,4,1,108.15,0,0,1,other,0,0,0
513644,5,0,0.0,1,0,0,search_ad,1,0,1
510352,2,0,0.0,1,0,0,search_ad,1,0,0
507467,4,1,53.25,0,0,1,other,1,1,0
507508,2,0,0.0,0,0,1,other,0,0,1
505675,1,1,122.36,0,1,0,affiliate,0,1,1
507703,7,0,0.0,0,0,1,other,0,0,0
505772,4,0,0.0,1,0,0,search_ad,1,0,0
501419,4,0,0.0,0,0,1,other,0,0,0
509744,1,1,61.33,0,1,0,affiliate,0,1,1
514897,7,0,0.0,0,0,1,other,1,0,0
510118,6,0,0.0,1,0,0,search_ad,1,1,0
508442,3,0,0.0,0,0,1,other,0,0,1
508639,1,0,0.0,1,0,0,search_ad,0,0,0
504295,1,0,0.0,0,0,1,other,0,0,0
509446,7,1,47.75,0,0,1,other,1,0,0
510544,3,1,28.0,0,0,1,other,0,0,1
509639,2,0,0.0,0,0,1,other,1,0,0
511135,9,1,65.44,0,0,1,other,1,1,1
512000,2,0,0.0,0,0,1,other,0,0,0
504882,1,1,40.82,0,0,1,other,1,1,0
501476,3,0,0.0,0,0,1,other,1,0,1
501576,15,0,0.0,0,0,1,other,1,0,0
502928,3,0,0.0,0,0,1,other,0,0,0
504992,2,0,0.0,1,0,0,search_ad,0,0,1
501434,9,0,0.0,0,0,1,other,1,0,0
507739,6,0,0.0,0,0,1,other,1,1,1
512943,7,0,0.0,0,0,1,other,0,1,0
515766,7,0,0.0,0,0,1,other,0,1,1
502089,5,1,41.46,0,0,1,other,1,0,1
504063,3,0,0.0,0,0,1,other,1,0,0
507235,3,1,110.37,0,1,0,affiliate,0,0,0
506670,7,1,57.07,0,0,1,other,0,0,1
507667,3,0,0.0,0,1,0,affiliate,0,0,0
515173,6,0,0.0,0,0,1,other,0,1,0
503590,5,0,0.0,1,0,0,search_ad,0,1,0
506464,4,0,0.0,1,0,0,search_ad,0,1,1
513542,3,0,0.0,0,0,1,other,1,0,0
512845,3,0,0.0,0,0,1,other,0,1,1
504744,6,1,76.37,0,0,1,other,1,0,0
510439,6,0,0.0,0,0,1,other,1,0,0
501248,8,1,101.69,0,0,1,other,0,0,1
500978,37,1,13.36,0,0,1,other,1,0,1
501027,5,0,0.0,1,0,0,search_ad,1,1,1
505928,2,0,0.0,0,0,1,other,0,0,1
511574,10,0,0.0,0,0,1,other,0,1,1
500276,4,0,0.0,0,0,1,other,0,0,0
510885,6,0,0.0,0,0,1,other,1,1,0
505939,2,0,0.0,1,0,0,search_ad,0,1,1
508395,2,0,0.0,1,0,0,search_ad,0,0,1
510273,11,0,0.0,0,0,1,other,0,1,0
504605,7,0,0.0,0,0,1,other,0,0,0
504555,2,0,0.0,0,0,1,other,0,1,0
510317,5,1,136.86,0,0,1,other,1,1,1
512344,2,0,0.0,1,0,0,search_ad,0,0,0
510120,9,1,14.22,0,0,1,other,0,0,1
515341,3,0,0.0,0,0,1,other,1,0,1
511154,3,0,0.0,0,1,0,affiliate,1,0,0
502309,14,0,0.0,0,0,1,other,0,1,1
502765,5,1,65.54,0,0,1,other,1,0,0
515296,4,0,0.0,1,0,0,search_ad,0,0,0
511227,1,0,0.0,1,0,0,search_ad,0,0,1
507477,2,0,0.0,0,1,0,affiliate,0,1,0
506665,1,0,0.0,1,0,0,search_ad,0,1,0
506890,11,0,0.0,0,0,1,other,1,1,0
510011,1,0,0.0,1,0,0,search_ad,0,0,0
506391,9,0,0.0,0,0,1,other,1,0,0
509508,1,1,98.35,1,0,0,search_ad,0,0,0
503412,1,1,34.38,0,0,1,other,1,0,1
506557,2,0,0.0,1,0,0,search_ad,1,0,0
511863,10,1,37.41,0,0,1,other,1,0,1
510187,1,1,88.02,0,0,1,other,0,1,0
505951,2,0,0.0,1,0,0,search_ad,0,0,1
514456,5,1,28.67,0,0,1,other,1,1,0
501494,2,0,0.0,1,0,0,search_ad,0,1,0
502519,2,0,0.0,1,0,0,search_ad,0,0,1
512253,4,0,0.0,0,0,1,other,0,0,0
511597,2,1,34.42,1,0,0,search_ad,1,0,0
503283,14,0,0.0,0,0,1,other,1,0,1
514745,1,0,0.0,1,0,0,search_ad,0,0,1
500426,2,0,0.0,1,0,0,search_ad,0,0,0
504394,4,0,0.0,0,0,1,other,0,0,1
506163,3,0,0.0,1,0,0,search_ad,0,1,0
505666,5,1,72.5,0,0,1,other,1,0,0
511962,2,0,0.0,0,0,1,other,1,1,0
512729,27,1,68.79,0,0,1,other,1,0,1
504082,7,0,0.0,0,0,1,other,1,1,0
501531,3,0,0.0,0,1,0,affiliate,0,0,1
515789,1,0,0.0,1,0,0,search_ad,0,0,0
507041,3,0,0.0,0,0,1,other,0,1,1
510538,5,0,0.0,0,0,1,other,1,0,1
507640,2,0,0.0,0,0,1,other,0,0,0
512779,8,1,27.36,0,0,1,other,1,0,1
507529,2,0,0.0,0,0,1,other,1,1,0
510557,3,0,0.0,0,0,1,other,0,1,0
513339,21,0,0.0,0,0,1,other,0,0,0
508218,3,0,0.0,1,0,0,search_ad,0,0,0
502087,2,0,0.0,0,0,1,other,0,1,0
514081,2,0,0.0,0,0,1,other,0,0,0
504689,9,0,0.0,0,0,1,other,1,0,1
504953,8,1,74.59,0,0,1,other,1,1,0
510950,1,1,45.61,1,0,0,search_ad,1,0,1
510134,2,0,0.0,0,0,1,other,0,0,0
501912,2,0,0.0,0,0,1,other,0,1,0
513512,8,0,0.0,0,0,1,other,0,1,0
501218,2,0,0.0,1,0,0,search_ad,0,1,0
510401,5,0,0.0,0,0,1,other,0,0,0
509965,6,0,0.0,0,0,1,other,0,0,0
504787,5,0,0.0,0,0,1,other,1,0,1
509367,5,0,0.0,0,0,1,other,0,0,1
506063,2,0,0.0,1,0,0,search_ad,0,0,0
515658,2,0,0.0,0,0,1,other,1,0,1
508994,7,1,48.86,0,0,1,other,1,0,0
501741,3,0,0.0,0,0,1,other,0,0,0
501958,3,0,0.0,0,0,1,other,1,0,1
511527,3,1,21.9,0,0,1,other,0,0,1
500458,1,0,0.0,0,0,1,other,0,0,1
513816,2,0,0.0,1,0,0,search_ad,0,0,0
513953,1,1,31.29,0,0,1,other,0,0,0
504257,8,0,0.0,0,0,1,other,0,1,0
513756,1,0,0.0,0,0,1,other,0,0,0
505959,8,0,0.0,0,0,1,other,1,1,0
500064,1,0,0.0,1,0,0,search_ad,0,0,0
507713,3,0,0.0,1,0,0,search_ad,0,0,0
511090,10,0,0.0,0,0,1,other,0,1,0
508423,9,0,0.0,0,0,1,other,0,0,1
508992,1,0,0.0,0,0,1,other,0,0,1
512801,7,0,0.0,0,0,1,other,0,1,0
514729,3,0,0.0,0,0,1,other,1,0,0
502021,16,0,0.0,1,0,0,search_ad,1,0,1
506922,1,0,0.0,1,0,0,search_ad,0,0,0
502502,7,0,0.0,0,0,1,other,0,0,1
508192,3,1,51.82,0,0,1,other,0,0,0
501455,6,1,49.46,0,0,1,other,1,1,0
503270,8,0,0.0,0,0,1,other,0,1,1
515400,3,0,0.0,0,1,0,affiliate,0,0,1
507308,4,1,51.44,0,0,1,other,1,0,0
503485,8,0,0.0,0,0,1,other,1,0,0
503563,17,0,0.0,0,0,1,other,1,0,0
500062,3,1,76.03,1,0,0,search_ad,1,1,1
502185,4,1,32.67,0,0,1,other,0,0,1
507635,4,0,0.0,0,0,1,other,0,0,1
503493,2,0,0.0,0,0,1,other,0,0,1
502639,2,1,74.0,0,0,1,other,1,0,0
509392,6,1,24.34,0,0,1,other,0,1,0
513355,6,0,0.0,0,1,0,affiliate,0,1,0
504926,8,1,96.65,0,0,1,other,1,0,0
514010,19,0,0.0,0,0,1,other,0,1,0
507972,3,1,43.58,1,0,0,search_ad,0,1,0
500634,6,0,0.0,0,0,1,other,1,0,0
501924,2,1,56.65,1,0,0,search_ad,1,0,0
508001,2,0,0.0,0,0,1,other,0,0,0
506743,4,0,0.0,1,0,0,search_ad,0,0,1
508659,4,0,0.0,1,0,0,search_ad,1,0,1
515764,2,0,0.0,0,0,1,other,0,0,0
512504,10,0,0.0,0,0,1,other,0,0,0
512022,3,0,0.0,0,0,1,other,0,0,0
504345,4,0,0.0,1,0,0,search_ad,1,0,1
511071,3,1,67.03,0,0,1,other,1,0,0
505829,9,1,23.84,0,0,1,other,0,0,1
513882,15,1,36.63,0,0,1,other,1,1,1
515328,6,1,39.94,0,0,1,other,0,1,1
510938,2,0,0.0,1,0,0,search_ad,1,0,0
500408,3,0,0.0,1,0,0,search_ad,1,1,0
508508,8,0,0.0,0,0,1,other,1,0,1
515144,3,0,0.0,1,0,0,search_ad,1,1,0
508381,4,0,0.0,0,1,0,affiliate,0,0,0
501624,10,0,0.0,0,0,1,other,0,1,1
507746,2,0,0.0,1,0,0,search_ad,0,0,0
510908,1,0,0.0,0,0,1,other,0,0,0
500171,7,0,0.0,0,0,1,other,0,0,1
515940,7,0,0.0,0,0,1,other,0,1,1
515288,3,0,0.0,0,0,1,other,0,0,0
514646,1,0,0.0,0,0,1,other,1,1,1
515757,12,1,66.31,0,0,1,other,1,0,0
508551,1,0,0.0,1,0,0,search_ad,0,1,0
501386,4,0,0.0,0,0,1,other,0,0,1
512139,7,0,0.0,0,0,1,other,0,0,1
503578,6,0,0.0,0,0,1,other,1,0,0
500684,3,0,0.0,0,0,1,other,1,1,0
502630,2,0,0.0,0,0,1,other,0,0,0
505002,4,0,0.0,0,0,1,other,0,0,1
510418,5,0,0.0,0,0,1,other,0,0,0
510052,2,0,0.0,1,0,0,search_ad,1,1,1
510870,6,0,0.0,0,0,1,other,0,1,0
509484,9,0,0.0,0,0,1,other,0,1,0
514334,1,0,0.0,0,0,1,other,0,0,0
500801,6,0,0.0,0,0,1,other,0,1,1
511672,1,0,0.0,1,0,0,search_ad,0,0,0
500748,2,0,0.0,0,0,1,other,0,1,0
503300,2,0,0.0,0,0,1,other,0,0,1
510053,12,0,0.0,1,0,0,search_ad,1,0,1
507594,1,0,0.0,0,0,1,other,0,0,0
500591,11,0,0.0,0,0,1,other,1,0,0
512718,3,0,0.0,0,0,1,other,0,0,0
502681,13,1,39.79,0,0,1,other,0,1,1
504004,8,1,82.45,0,0,1,other,1,0,0
501492,6,0,0.0,0,0,1,other,1,0,1
512107,2,1,45.27,0,0,1,other,0,0,1
511773,3,0,0.0,0,0,1,other,0,1,0
513309,15,1,38.77,0,0,1,other,1,1,0
505475,3,0,0.0,0,0,1,other,0,0,0
500963,3,0,0.0,0,0,1,other,0,0,0
508356,5,0,0.0,1,0,0,search_ad,0,0,0
507950,1,0,0.0,1,0,0,search_ad,0,1,0
508304,3,0,0.0,0,0,1,other,0,1,1
503814,4,0,0.0,0,0,1,other,0,0,1
514814,6,0,0.0,1,0,0,search_ad,1,0,0
507172,2,0,0.0,1,0,0,search_ad,0,1,0
505596,6,0,0.0,0,0,1,other,0,1,0
515704,1,0,0.0,0,0,1,other,0,0,1
502865,2,0,0.0,0,0,1,other,0,0,0
506128,2,1,80.92,0,0,1,other,1,0,1
511743,4,1,48.42,0,0,1,other,0,1,1
506628,8,0,0.0,0,0,1,other,0,0,0
505101,4,0,0.0,0,0,1,other,0,0,1
509949,5,0,0.0,0,0,1,other,1,0,0
508953,4,0,0.0,0,0,1,other,0,0,0
511947,8,1,75.58,0,0,1,other,1,0,0
510649,13,0,0.0,0,0,1,other,0,1,1
500587,2,0,0.0,1,0,0,search_ad,0,1,0
503866,4,0,0.0,0,0,1,other,0,0,1
514755,6,0,0.0,1,0,0,search_ad,1,0,0
507337,6,0,0.0,0,0,1,other,1,0,1
508114,8,1,53.04,0,0,1,other,1,0,0
505100,2,1,56.53,0,0,1,other,1,0,0
506561,3,0,0.0,1,0,0,search_ad,1,0,0
510438,8,0,0.0,0,0,1,other,0,0,0
511216,2,0,0.0,0,0,1,other,1,1,0
515062,4,0,0.0,0,0,1,other,0,0,0
515634,14,0,0.0,0,0,1,other,1,0,1
512263,2,1,57.61,0,0,1,other,1,0,0
506818,6,0,0.0,0,0,1,other,1,0,0
512929,8,0,0.0,0,1,0,affiliate,1,1,0
510939,5,0,0.0,1,0,0,search_ad,0,1,0
502617,3,1,53.25,0,0,1,other,1,0,0
510191,4,1,45.5,0,0,1,other,0,0,1
506006,6,1,93.61,0,0,1,other,0,1,0
506909,5,0,0.0,1,0,0,search_ad,0,1,0
515550,4,0,0.0,1,0,0,search_ad,1,0,0
512835,8,0,0.0,1,0,0,search_ad,0,1,1
503618,9,0,0.0,1,0,0,search_ad,1,0,1
506370,10,0,0.0,0,0,1,other,0,0,0
502859,7,0,0.0,0,0,1,other,0,0,0
500994,4,0,0.0,0,0,1,other,1,1,0
509683,2,1,29.08,0,0,1,other,0,0,1
508621,4,0,0.0,1,0,0,search_ad,0,0,1
501745,5,1,109.65,0,0,1,other,0,1,1
513894,1,0,0.0,1,0,0,search_ad,1,1,0
506988,8,0,0.0,0,0,1,other,1,0,1
506113,1,0,0.0,1,0,0,search_ad,0,1,0
500812,4,1,101.07,0,0,1,other,0,0,1
515327,2,0,0.0,0,0,1,other,0,1,0
502799,7,0,0.0,0,1,0,affiliate,0,0,0
503502,1,0,0.0,0,0,1,other,0,1,0
512563,3,0,0.0,1,0,0,search_ad,0,0,0
515172,2,0,0.0,0,0,1,other,0,0,1
508912,4,0,0.0,0,0,1,other,0,0,1
513186,4,0,0.0,0,0,1,other,0,1,0
511053,12,0,0.0,0,0,1,other,0,1,0
508206,2,0,0.0,0,0,1,other,0,1,0
505121,3,0,0.0,1,0,0,search_ad,0,1,0
509871,7,0,0.0,0,0,1,other,0,0,1
509669,7,0,0.0,1,0,0,search_ad,1,1,1
510491,2,0,0.0,0,0,1,other,1,0,1
505513,6,1,93.21,0,0,1,other,1,0,0
512027,3,0,0.0,0,0,1,other,0,0,0
507959,6,0,0.0,0,0,1,other,0,0,0
513174,5,0,0.0,0,0,1,other,1,1,1
515492,8,0,0.0,0,0,1,other,1,0,1
507622,4,0,0.0,0,0,1,other,1,1,1
515147,3,1,41.86,1,0,0,search_ad,0,0,0
510444,6,1,54.97,0,0,1,other,1,1,0
503979,5,0,0.0,1,0,0,search_ad,0,1,1
503257,2,0,0.0,0,0,1,other,0,0,0
508378,3,0,0.0,0,1,0,affiliate,0,1,1
510477,4,0,0.0,0,0,1,other,0,0,1
501845,3,0,0.0,1,0,0,search_ad,0,0,1
506439,3,0,0.0,0,0,1,other,0,1,1
514344,1,0,0.0,0,0,1,other,0,0,0
508199,2,1,138.05,0,0,1,other,0,0,1
504895,1,0,0.0,0,0,1,other,0,0,0
512446,3,0,0.0,1,0,0,search_ad,0,0,1
506106,2,0,0.0,1,0,0,search_ad,1,1,0
505401,3,0,0.0,0,0,1,other,0,1,0
507507,10,0,0.0,0,0,1,other,1,1,1
507290,2,0,0.0,0,0,1,other,0,0,0
515335,2,0,0.0,0,0,1,other,0,0,0
515077,7,0,0.0,1,0,0,search_ad,1,0,0
513056,1,0,0.0,0,0,1,other,0,1,0
500378,21,1,40.62,0,0,1,other,1,0,1
508295,10,0,0.0,0,0,1,other,1,0,0
515705,2,0,0.0,0,0,1,other,0,1,0
501744,3,0,0.0,0,0,1,other,1,0,0
505569,6,0,0.0,0,0,1,other,0,0,1
514157,8,0,0.0,0,0,1,other,1,0,1
502699,4,0,0.0,0,0,1,other,1,0,1
502496,3,0,0.0,1,0,0,search_ad,0,0,0
515801,1,1,57.88,0,0,1,other,0,0,0
502316,3,0,0.0,1,0,0,search_ad,0,0,0
508256,6,0,0.0,0,0,1,other,1,0,0
503426,4,0,0.0,0,0,1,other,0,0,1
510719,2,1,34.66,0,1,0,affiliate,0,0,1
514260,1,0,0.0,0,1,0,affiliate,1,1,1
508608,5,0,0.0,0,0,1,other,1,1,1
511103,2,0,0.0,0,0,1,other,0,1,1
507443,12,0,0.0,0,0,1,other,1,0,0
502875,3,0,0.0,0,0,1,other,1,1,0
502685,3,1,35.29,0,0,1,other,0,1,1
503596,2,1,76.24,0,0,1,other,0,0,0
506416,6,1,30.09,0,0,1,other,0,1,0
500961,13,1,82.54,0,0,1,other,1,0,1
508856,1,0,0.0,1,0,0,search_ad,0,1,0
507221,5,1,43.79,0,0,1,other,1,0,0
510243,4,0,0.0,0,0,1,other,1,0,0
507604,10,0,0.0,0,0,1,other,1,1,1
507841,4,0,0.0,0,0,1,other,1,0,0
505251,8,0,0.0,0,0,1,other,1,1,0
510437,3,0,0.0,1,0,0,search_ad,0,1,0
511209,2,1,40.43,0,0,1,other,0,0,1
507274,8,1,69.97,0,0,1,other,1,0,0
501115,8,0,0.0,0,0,1,other,0,1,1
502770,3,0,0.0,0,0,1,other,0,0,1
510893,12,0,0.0,0,0,1,other,0,0,0
515712,3,1,55.59,1,0,0,search_ad,1,0,0
507110,1,0,0.0,0,0,1,other,0,0,1
502352,4,0,0.0,0,0,1,other,0,0,0
502202,4,0,0.0,0,0,1,other,0,0,1
503466,4,0,0.0,0,1,0,affiliate,0,0,0
501580,1,0,0.0,0,0,1,other,0,1,1
505220,10,0,0.0,0,0,1,other,0,1,0
505958,2,0,0.0,1,0,0,search_ad,0,0,0
507325,6,0,0.0,0,0,1,other,1,0,0
502335,7,0,0.0,0,0,1,other,1,0,0
509052,14,0,0.0,0,0,1,other,1,1,1
512270,13,0,0.0,0,0,1,other,0,0,0
502789,1,0,0.0,0,0,1,other,1,0,0
506801,1,0,0.0,0,0,1,other,0,1,1
510222,1,0,0.0,0,0,1,other,0,0,0
510348,1,0,0.0,1,0,0,search_ad,0,0,1
512629,3,1,18.57,0,1,0,affiliate,0,1,0
502436,2,0,0.0,1,0,0,search_ad,0,1,1
500971,6,1,52.95,0,0,1,other,0,1,1
509318,3,0,0.0,0,0,1,other,0,0,1
500389,1,0,0.0,0,0,1,other,0,0,1
501954,3,0,0.0,0,0,1,other,0,0,1
514899,9,1,86.84,0,0,1,other,0,0,1
509935,4,1,60.98,0,0,1,other,0,1,1
505953,5,0,0.0,0,0,1,other,1,0,1
507956,4,0,0.0,1,0,0,search_ad,0,0,1
500316,8,0,0.0,1,0,0,search_ad,1,0,0
514259,11,0,0.0,0,0,1,other,0,0,1
505218,7,0,0.0,0,0,1,other,0,0,1
500414,3,0,0.0,1,0,0,search_ad,0,0,1
505831,2,1,51.1,0,0,1,other,0,0,0
513604,4,1,38.69,0,1,0,affiliate,1,0,0
509020,15,0,0.0,0,0,1,other,0,0,1
505854,5,1,36.46,0,0,1,other,0,1,0
512793,4,0,0.0,0,0,1,other,0,0,0
500606,2,1,64.15,0,0,1,other,0,0,0
508615,5,0,0.0,0,0,1,other,0,0,0
503746,1,0,0.0,0,0,1,other,0,1,0
514718,1,0,0.0,0,0,1,other,1,0,1
508293,3,0,0.0,1,0,0,search_ad,0,0,0
505609,3,0,0.0,0,0,1,other,0,0,0
506265,3,0,0.0,0,0,1,other,0,0,0
510631,3,0,0.0,1,0,0,search_ad,0,0,0
510006,2,1,51.66,0,0,1,other,1,0,1
514634,1,1,49.87,1,0,0,search_ad,1,0,0
501369,1,1,47.14,0,0,1,other,0,0,0
507440,1,0,0.0,0,0,1,other,1,0,1
501254,3,0,0.0,0,0,1,other,1,0,1
503888,5,1,51.03,0,0,1,other,0,0,1
508938,1,0,0.0,1,0,0,search_ad,0,0,0
509262,6,0,0.0,0,0,1,other,0,0,1
514433,4,0,0.0,0,0,1,other,1,0,0
514902,4,0,0.0,1,0,0,search_ad,0,1,0
507516,2,1,63.62,1,0,0,search_ad,0,0,0
502129,2,0,0.0,1,0,0,search_ad,0,0,0
508725,6,0,0.0,1,0,0,search_ad,1,1,1
513637,8,0,0.0,0,0,1,other,0,0,1
508223,1,0,0.0,1,0,0,search_ad,1,0,1
503317,9,0,0.0,0,0,1,other,0,0,1
507683,7,1,54.38,1,0,0,search_ad,0,1,1
501112,7,0,0.0,0,0,1,other,0,1,1
509305,7,0,0.0,0,0,1,other,0,0,1
515428,12,0,0.0,0,0,1,other,1,1,1
500638,17,1,46.64,0,0,1,other,1,1,1
500249,13,0,0.0,0,0,1,other,1,0,1
503419,1,0,0.0,1,0,0,search_ad,0,0,0
505197,4,1,145.54,0,0,1,other,1,1,0
500697,4,0,0.0,0,0,1,other,0,0,0
506193,3,0,0.0,0,0,1,other,0,1,0
504682,3,0,0.0,1,0,0,search_ad,1,0,1
507045,1,0,0.0,0,0,1,other,0,0,0
505460,6,0,0.0,0,0,1,other,1,0,0
511613,2,1,40.73,0,0,1,other,1,0,1
510742,6,0,0.0,0,1,0,affiliate,1,0,1
511645,4,0,0.0,1,0,0,search_ad,0,1,0
504354,1,0,0.0,1,0,0,search_ad,0,0,0
501517,9,1,63.16,0,0,1,other,1,0,1
505770,3,1,15.71,0,0,1,other,1,0,1
507678,4,0,0.0,0,0,1,other,0,0,0
500071,5,1,34.79,0,0,1,other,1,1,0
513841,5,0,0.0,1,0,0,search_ad,0,1,1
501179,5,0,0.0,0,0,1,other,1,0,0
510937,5,0,0.0,0,0,1,other,0,0,1
514551,1,0,0.0,0,0,1,other,0,1,1
512581,2,1,45.56,0,0,1,other,0,0,0
503996,6,1,42.84,0,0,1,other,1,0,1
506142,4,0,0.0,1,0,0,search_ad,1,0,0
503614,11,0,0.0,0,0,1,other,0,0,1
503194,4,1,29.28,0,0,1,other,0,0,1
515003,9,1,34.96,0,0,1,other,1,0,1
511976,7,1,213.35,1,0,0,search_ad,0,1,1
503828,7,1,31.01,1,0,0,search_ad,1,1,0
512783,2,1,65.71,0,0,1,other,1,0,1
513450,2,1,54.29,0,0,1,other,1,0,1
502090,17,0,0.0,0,0,1,other,1,1,0
500168,6,0,0.0,0,1,0,affiliate,0,1,0
512528,2,1,50.52,1,0,0,search_ad,1,0,1
510026,5,1,24.44,0,0,1,other,1,0,1
507052,4,0,0.0,0,0,1,other,0,0,1
513308,3,1,30.16,0,0,1,other,1,0,0
506322,2,0,0.0,1,0,0,search_ad,0,1,0
501084,16,0,0.0,0,0,1,other,0,1,0
505279,2,1,46.49,0,0,1,other,0,0,1
515005,3,1,81.33,0,0,1,other,1,0,1
508614,1,0,0.0,0,0,1,other,0,0,1
504099,7,1,25.65,0,0,1,other,1,0,0
514026,5,0,0.0,0,0,1,other,0,0,1
514866,6,0,0.0,0,0,1,other,1,0,0
507181,4,0,0.0,0,0,1,other,0,0,0
509695,5,1,87.37,0,0,1,other,1,1,0
510291,6,0,0.0,0,0,1,other,1,1,0
514303,4,0,0.0,0,0,1,other,0,0,1
505016,13,1,56.61,0,0,1,other,0,0,1
511306,4,1,58.31,1,0,0,search_ad,0,0,1
506215,6,0,0.0,0,1,0,affiliate,0,1,0
509495,2,0,0.0,0,0,1,other,1,0,0
505240,2,0,0.0,0,0,1,other,1,0,0
508727,6,0,0.0,0,1,0,affiliate,0,1,1
509598,3,0,0.0,1,0,0,search_ad,0,1,0
510275,12,1,76.23,0,0,1,other,0,0,0
512851,4,1,78.71,0,0,1,other,0,1,0
511506,6,0,0.0,0,0,1,other,0,0,0
504360,2,0,0.0,0,0,1,other,1,0,0
503316,2,0,0.0,1,0,0,search_ad,0,0,0
504221,2,0,0.0,0,0,1,other,1,0,0
500218,3,1,161.84,0,0,1,other,1,0,1
503520,2,0,0.0,1,0,0,search_ad,0,1,0
500504,11,1,118.44,0,0,1,other,0,0,1
504666,1,1,57.11,0,0,1,other,1,0,0
502910,6,0,0.0,0,0,1,other,1,0,1
502013,5,0,0.0,0,0,1,other,0,0,1
508060,5,0,0.0,0,1,0,affiliate,0,0,0
508962,1,0,0.0,0,0,1,other,1,0,0
509214,1,1,38.64,1,0,0,search_ad,0,1,0
500901,4,0,0.0,0,0,1,other,0,0,1
510158,8,0,0.0,0,0,1,other,0,1,0
500185,1,0,0.0,0,0,1,other,0,1,1
513394,11,0,0.0,0,0,1,other,0,1,0
502459,1,0,0.0,0,0,1,other,0,0,0
505465,6,0,0.0,0,1,0,affiliate,1,0,1
504275,6,0,0.0,0,0,1,other,1,0,1
506253,2,0,0.0,0,0,1,other,0,1,0
510310,3,0,0.0,0,0,1,other,0,0,1
512025,7,1,24.8,0,0,1,other,1,1,1
502451,1,1,19.61,1,0,0,search_ad,0,0,1
514227,2,0,0.0,0,0,1,other,0,1,0
510442,7,0,0.0,0,0,1,other,0,1,1
500593,3,0,0.0,1,0,0,search_ad,1,0,1
509098,3,1,48.52,0,0,1,other,0,0,0
511946,12,0,0.0,0,0,1,other,1,1,0
514614,17,0,0.0,0,0,1,other,1,0,0
515819,5,0,0.0,1,0,0,search_ad,0,0,1
509426,9,0,0.0,1,0,0,search_ad,0,0,1
511651,2,0,0.0,0,0,1,other,1,0,0
504270,5,1,37.61,0,0,1,other,0,0,1
500539,11,1,34.79,0,0,1,other,1,0,1
512303,2,0,0.0,1,0,0,search_ad,0,0,0
509553,5,0,0.0,0,0,1,other,0,0,1
503616,5,0,0.0,0,0,1,other,1,0,1
503647,5,0,0.0,1,0,0,search_ad,1,0,0
514328,7,0,0.0,0,0,1,other,0,0,1
506148,6,0,0.0,1,0,0,search_ad,1,0,0
513675,4,1,162.56,0,0,1,other,1,0,1
509458,3,0,0.0,0,0,1,other,1,0,0
512075,6,0,0.0,0,0,1,other,0,1,1
512751,4,0,0.0,0,0,1,other,0,0,1
509388,6,0,0.0,0,0,1,other,0,1,0
512980,3,0,0.0,0,0,1,other,1,0,0
505791,8,0,0.0,0,0,1,other,1,1,0
510599,1,0,0.0,1,0,0,search_ad,1,0,1
504141,2,0,0.0,0,0,1,other,0,1,1
502311,2,0,0.0,0,0,1,other,0,1,0
507750,4,1,50.86,0,0,1,other,1,1,0
511320,5,0,0.0,0,0,1,other,0,0,1
507855,7,1,25.1,0,0,1,other,0,1,0
512856,3,0,0.0,1,0,0,search_ad,1,0,1
505901,5,0,0.0,0,0,1,other,0,0,1
511403,3,0,0.0,1,0,0,search_ad,0,0,1
505359,5,0,0.0,0,0,1,other,0,0,0
505533,9,1,101.68,0,0,1,other,1,0,0
513236,6,1,70.55,0,0,1,other,1,0,1
506799,9,0,0.0,0,0,1,other,1,0,0
504044,4,0,0.0,1,0,0,search_ad,0,0,0
514994,5,0,0.0,1,0,0,search_ad,1,0,1
504960,1,0,0.0,1,0,0,search_ad,1,0,1
506763,4,1,28.68,0,0,1,other,1,1,1
506256,10,0,0.0,0,0,1,other,1,1,0
507230,9,1,39.44,1,0,0,search_ad,0,1,1
511029,3,0,0.0,0,0,1,other,0,1,0
507909,5,0,0.0,0,0,1,other,0,1,0
514699,4,0,0.0,0,0,1,other,0,1,0
514796,3,0,0.0,0,0,1,other,0,0,1
500466,6,0,0.0,0,0,1,other,0,1,0
515721,5,1,34.54,1,0,0,search_ad,1,1,0
502677,5,0,0.0,0,0,1,other,0,0,1
504830,3,0,0.0,0,1,0,affiliate,1,1,0
506333,9,0,0.0,0,0,1,other,1,0,0
500114,1,1,54.39,0,0,1,other,1,1,0
506093,27,0,0.0,0,0,1,other,1,0,0
501028,1,0,0.0,0,0,1,other,0,0,0
514813,7,1,67.2,0,0,1,other,1,0,1
500036,2,0,0.0,0,0,1,other,0,0,0
505354,3,1,190.64,0,0,1,other,0,1,1
508879,12,0,0.0,0,0,1,other,0,0,0
512898,9,1,107.4,0,0,1,other,1,1,1
505943,8,1,41.18,0,0,1,other,0,1,1
505067,3,0,0.0,1,0,0,search_ad,1,1,0
502020,1,0,0.0,0,0,1,other,0,1,0
506111,3,1,80.32,0,0,1,other,1,0,1
505643,6,0,0.0,0,0,1,other,0,0,1
500869,4,0,0.0,0,0,1,other,0,0,0
508098,9,1,72.22,0,0,1,other,0,0,0
500016,7,0,0.0,0,0,1,other,0,1,0
510384,7,0,0.0,0,0,1,other,0,0,0
507965,1,0,0.0,1,0,0,search_ad,1,0,0
508258,5,0,0.0,0,0,1,other,0,0,1
507587,1,0,0.0,0,0,1,other,0,0,0
515559,3,0,0.0,1,0,0,search_ad,0,0,1
509252,6,0,0.0,0,0,1,other,0,1,0
513263,4,0,0.0,1,0,0,search_ad,0,0,0
511404,3,1,44.9,1,0,0,search_ad,0,0,1
503234,3,1,81.64,0,0,1,other,0,0,1
506974,7,0,0.0,0,0,1,other,0,0,0
504437,1,1,38.02,0,0,1,other,1,0,0
508741,1,1,57.22,0,0,1,other,0,0,1
506000,1,0,0.0,1,0,0,search_ad,0,0,0
507924,4,1,35.15,0,0,1,other,0,0,1
509193,9,0,0.0,0,0,1,other,0,0,1
513855,6,0,0.0,0,0,1,other,0,1,0
508171,3,0,0.0,0,0,1,other,1,0,1
510164,4,0,0.0,0,0,1,other,0,0,1
513385,7,0,0.0,0,0,1,other,0,1,0
503683,9,0,0.0,0,0,1,other,1,1,0
511943,1,0,0.0,1,0,0,search_ad,0,1,0
505427,6,0,0.0,1,0,0,search_ad,1,0,1
504721,5,0,0.0,0,0,1,other,0,0,1
502479,8,0,0.0,1,0,0,search_ad,1,0,1
511901,7,0,0.0,0,0,1,other,0,0,1
514895,3,0,0.0,0,1,0,affiliate,1,0,0
501852,4,0,0.0,0,0,1,other,0,0,0
508909,2,0,0.0,0,0,1,other,0,0,0
513558,2,0,0.0,0,0,1,other,0,1,0
502453,22,1,29.69,0,0,1,other,1,0,0
510213,1,0,0.0,0,0,1,other,1,0,1
515285,4,0,0.0,0,0,1,other,0,1,1
504047,4,0,0.0,1,0,0,search_ad,1,0,0
506848,3,1,42.1,1,0,0,search_ad,0,0,1
507597,3,0,0.0,0,0,1,other,1,0,0
507473,1,0,0.0,1,0,0,search_ad,0,0,0
511736,2,0,0.0,0,0,1,other,0,0,0
508818,3,0,0.0,0,0,1,other,0,0,0
503166,6,0,0.0,1,0,0,search_ad,0,0,1
515546,5,0,0.0,0,0,1,other,0,0,1
514449,2,0,0.0,1,0,0,search_ad,1,0,0
506694,6,0,0.0,1,0,0,search_ad,1,0,0
502520,9,0,0.0,0,0,1,other,1,1,0
503547,6,0,0.0,0,0,1,other,0,0,1
508399,6,1,31.79,1,0,0,search_ad,1,0,0
513448,3,0,0.0,1,0,0,search_ad,0,0,1
500084,7,0,0.0,0,0,1,other,0,1,1
509469,3,0,0.0,0,0,1,other,1,1,0
500409,8,0,0.0,1,0,0,search_ad,0,1,0
513662,3,0,0.0,0,1,0,affiliate,0,1,0
511168,1,1,26.61,0,0,1,other,0,0,1
509393,5,1,55.8,0,0,1,other,1,1,1
509876,10,1,62.26,0,0,1,other,1,0,0
514318,8,1,54.36,1,0,0,search_ad,1,1,0
501003,8,0,0.0,1,0,0,search_ad,0,1,1
503685,4,1,73.5,1,0,0,search_ad,0,0,1
514909,6,1,55.79,1,0,0,search_ad,0,0,1
505283,7,0,0.0,0,0,1,other,0,0,1
505494,14,0,0.0,0,0,1,other,0,0,1
509728,1,0,0.0,1,0,0,search_ad,0,0,0
515749,6,0,0.0,1,0,0,search_ad,0,1,0
504520,1,0,0.0,1,0,0,search_ad,0,1,1
505124,8,1,52.3,0,0,1,other,0,1,1
513040,6,0,0.0,0,0,1,other,0,0,0
502216,1,0,0.0,0,0,1,other,0,0,1
507140,4,1,18.57,1,0,0,search_ad,1,0,1
500536,10,0,0.0,1,0,0,search_ad,1,0,0
511610,6,0,0.0,0,0,1,other,0,0,0
501483,9,1,87.25,0,0,1,other,0,0,1
510941,3,0,0.0,0,0,1,other,1,1,1
510420,14,0,0.0,0,0,1,other,1,0,1
508145,6,0,0.0,0,0,1,other,0,1,0
502445,2,0,0.0,1,0,0,search_ad,0,1,1
501953,3,0,0.0,1,0,0,search_ad,1,1,0
502537,3,0,0.0,1,0,0,search_ad,0,1,0
504626,5,0,0.0,0,0,1,other,0,1,1
511027,6,0,0.0,0,0,1,other,0,0,1
504289,10,0,0.0,0,0,1,other,1,1,0
501484,10,1,64.5,0,0,1,other,0,0,1
505360,4,0,0.0,0,0,1,other,0,1,0
512388,4,1,93.89,0,0,1,other,1,0,0
510952,2,0,0.0,1,0,0,search_ad,1,0,0
514312,14,0,0.0,0,0,1,other,0,0,0
507408,7,0,0.0,1,0,0,search_ad,0,0,1
508311,4,0,0.0,0,0,1,other,0,0,1
514985,6,0,0.0,0,0,1,other,0,0,1
510100,1,0,0.0,0,0,1,other,1,0,0
509896,1,0,0.0,1,0,0,search_ad,0,0,0
511214,6,0,0.0,0,0,1,other,1,0,0
512523,15,0,0.0,0,0,1,other,0,0,1
501859,1,0,0.0,0,0,1,other,1,0,0
502484,7,0,0.0,0,0,1,other,0,1,1
513302,2,0,0.0,0,0,1,other,0,0,1
500248,11,0,0.0,0,0,1,other,0,0,0
504304,13,1,39.72,0,0,1,other,1,0,0
507718,1,0,0.0,1,0,0,search_ad,0,0,0
502808,3,0,0.0,0,0,1,other,1,0,1
508619,2,0,0.0,1,0,0,search_ad,0,1,0
512115,6,0,0.0,1,0,0,search_ad,0,0,0
512227,7,0,0.0,0,0,1,other,1,0,0
502560,1,0,0.0,1,0,0,search_ad,0,1,0
511563,3,0,0.0,1,0,0,search_ad,1,0,1
513211,1,0,0.0,0,0,1,other,0,0,0
514644,5,0,0.0,0,0,1,other,1,0,0
512454,4,0,0.0,0,0,1,other,0,1,1
509272,7,0,0.0,0,0,1,other,0,0,1
502168,6,0,0.0,0,0,1,other,0,1,1
506437,10,0,0.0,0,0,1,other,0,1,1
508984,2,1,49.62,0,0,1,other,0,0,1
512983,7,0,0.0,0,0,1,other,1,0,0
514396,3,0,0.0,0,0,1,other,1,0,0
502761,5,0,0.0,1,0,0,search_ad,1,1,1
510769,4,1,95.32,0,0,1,other,0,1,1
514516,6,0,0.0,0,0,1,other,0,1,1
500873,3,0,0.0,0,0,1,other,0,0,0
512716,5,0,0.0,0,1,0,affiliate,0,1,0
501609,1,1,40.72,0,0,1,other,0,0,1
509610,5,0,0.0,0,0,1,other,1,0,0
502563,9,0,0.0,1,0,0,search_ad,1,0,1
504963,1,1,71.37,0,0,1,other,0,0,1
500136,1,0,0.0,1,0,0,search_ad,0,1,0
514696,7,0,0.0,0,0,1,other,1,0,0
504853,1,0,0.0,0,0,1,other,0,1,0
506742,4,0,0.0,0,0,1,other,1,0,0
504751,5,0,0.0,0,0,1,other,1,0,0
508087,3,0,0.0,0,0,1,other,0,0,0
501044,7,1,35.88,0,0,1,other,0,1,0
513204,13,0,0.0,0,0,1,other,1,0,0
513633,3,0,0.0,1,0,0,search_ad,0,1,0
513525,3,0,0.0,0,0,1,other,0,0,1
501086,16,1,58.73,0,0,1,other,0,0,0
504619,8,0,0.0,0,0,1,other,0,1,0
507518,3,0,0.0,0,0,1,other,0,1,0
507249,2,0,0.0,1,0,0,search_ad,0,0,1
507442,3,0,0.0,1,0,0,search_ad,0,0,0
503577,1,1,81.9,0,0,1,other,0,1,1
507260,6,0,0.0,0,0,1,other,1,0,1
502113,5,0,0.0,1,0,0,search_ad,1,1,1
501352,1,1,27.82,0,0,1,other,0,1,0
508958,3,0,0.0,0,0,1,other,1,1,0
515955,3,0,0.0,0,0,1,other,0,0,1
506943,2,0,0.0,0,0,1,other,1,0,0
500867,1,0,0.0,0,0,1,other,0,0,0
507299,4,1,30.8,0,0,1,other,0,0,0
511189,7,0,0.0,1,0,0,search_ad,1,0,1
500275,4,0,0.0,0,0,1,other,1,0,1
502450,11,0,0.0,0,0,1,other,1,0,1
504418,8,1,25.03,0,0,1,other,1,0,0
512971,11,0,0.0,0,0,1,other,1,1,1
515611,8,1,77.62,1,0,0,search_ad,1,0,0
501148,5,0,0.0,0,0,1,other,0,0,1
503882,3,0,0.0,0,0,1,other,1,1,1
504167,4,0,0.0,0,0,1,other,1,0,0
512624,2,0,0.0,1,0,0,search_ad,1,0,1
512429,14,0,0.0,0,0,1,other,1,0,1
507817,2,0,0.0,1,0,0,search_ad,0,0,0
503252,3,0,0.0,0,0,1,other,0,0,1
511649,9,1,103.52,0,0,1,other,1,1,0
512153,5,0,0.0,0,0,1,other,1,0,0
509061,1,0,0.0,0,0,1,other,0,0,0
503648,3,0,0.0,0,0,1,other,0,0,0
501905,1,0,0.0,1,0,0,search_ad,0,1,0
500834,7,0,0.0,0,0,1,other,0,0,0
506851,4,0,0.0,0,0,1,other,0,0,1
513857,13,0,0.0,0,0,1,other,1,1,0
505668,3,0,0.0,1,0,0,search_ad,0,1,0
503036,7,0,0.0,0,0,1,other,0,1,0
500899,6,0,0.0,0,0,1,other,0,1,1
509734,9,0,0.0,0,0,1,other,0,0,1
501176,2,0,0.0,0,0,1,other,0,0,1
509249,4,1,31.46,0,0,1,other,0,0,0
511371,10,0,0.0,0,0,1,other,0,1,0
507921,6,0,0.0,0,0,1,other,0,0,1
508604,10,0,0.0,0,0,1,other,1,0,1
506356,1,1,70.83,0,0,1,other,0,0,1
504680,9,0,0.0,0,0,1,other,0,1,0
507653,5,0,0.0,0,1,0,affiliate,0,0,1
503215,2,0,0.0,0,0,1,other,0,1,0
503904,1,0,0.0,0,0,1,other,0,0,0
504820,3,0,0.0,0,0,1,other,0,0,0
513294,4,0,0.0,0,0,1,other,1,1,0
509635,2,0,0.0,1,0,0,search_ad,1,0,0
504844,10,0,0.0,0,0,1,other,0,1,1
502460,3,0,0.0,0,0,1,other,0,0,0
501198,4,0,0.0,0,0,1,other,1,0,1
506625,4,0,0.0,0,0,1,other,0,1,0
500430,7,1,44.23,0,0,1,other,1,0,0
508900,4,0,0.0,1,0,0,search_ad,0,1,0
512925,2,0,0.0,1,0,0,search_ad,1,0,0
512073,2,1,88.11,0,0,1,other,0,1,1
511087,1,0,0.0,1,0,0,search_ad,0,0,1
508514,10,0,0.0,0,0,1,other,0,0,0
504404,1,0,0.0,1,0,0,search_ad,1,1,0
508949,3,0,0.0,0,0,1,other,0,1,0
513625,2,1,80.0,0,0,1,other,0,0,0
512879,6,1,78.3,1,0,0,search_ad,1,0,1
515985,3,0,0.0,0,0,1,other,0,0,0
501965,5,1,81.18,0,0,1,other,1,0,0
513381,1,0,0.0,0,0,1,other,0,0,1
505059,3,0,0.0,0,0,1,other,0,0,1
504124,1,0,0.0,1,0,0,search_ad,1,0,1
503387,2,0,0.0,0,0,1,other,0,0,1
514810,4,1,43.18,0,0,1,other,1,0,1
504554,4,1,19.18,0,0,1,other,1,1,1
500300,6,0,0.0,0,0,1,other,0,0,0
502110,11,0,0.0,0,0,1,other,0,1,0
507093,5,0,0.0,0,0,1,other,0,0,0
502901,1,0,0.0,1,0,0,search_ad,0,1,0
504683,3,1,37.83,1,0,0,search_ad,1,1,0
502663,1,0,0.0,0,1,0,affiliate,1,1,1
511242,3,0,0.0,1,0,0,search_ad,1,1,1
502482,9,0,0.0,0,0,1,other,1,0,0
509609,2,0,0.0,0,0,1,other,0,0,0
505554,3,0,0.0,0,0,1,other,1,0,0
512962,3,0,0.0,1,0,0,search_ad,1,0,1
503997,1,1,24.89,1,0,0,search_ad,0,1,1
506249,1,0,0.0,1,0,0,search_ad,0,0,0
503456,4,0,0.0,0,0,1,other,0,1,1
510766,2,0,0.0,1,0,0,search_ad,0,0,0
510613,7,1,53.97,0,0,1,other,0,1,0
511735,5,1,35.39,0,0,1,other,1,0,1
515494,1,0,0.0,1,0,0,search_ad,0,0,1
501191,1,0,0.0,1,0,0,search_ad,0,0,0
505861,3,0,0.0,0,0,1,other,0,1,0
511662,5,0,0.0,0,0,1,other,0,0,0
512967,11,0,0.0,0,0,1,other,1,1,1
500120,4,0,0.0,0,0,1,other,0,0,0
505929,6,1,23.32,1,0,0,search_ad,0,1,1
502500,9,0,0.0,0,0,1,other,1,0,0
511555,3,0,0.0,1,0,0,search_ad,0,0,0
507949,6,0,0.0,0,0,1,other,0,0,1
503088,8,0,0.0,0,0,1,other,0,1,1
501724,9,0,0.0,0,0,1,other,0,1,1
512740,11,1,84.37,0,0,1,other,0,0,1
507464,6,0,0.0,0,0,1,other,0,0,1
514938,3,0,0.0,0,1,0,affiliate,0,0,0
509174,6,0,0.0,0,0,1,other,1,1,1
511722,8,0,0.0,0,0,1,other,0,1,0
503422,8,0,0.0,0,0,1,other,0,1,1
511073,2,0,0.0,1,0,0,search_ad,0,1,0
510276,1,0,0.0,0,1,0,affiliate,0,0,1
512562,2,0,0.0,1,0,0,search_ad,0,1,1
514835,5,0,0.0,0,0,1,other,0,0,0
514395,3,0,0.0,0,0,1,other,0,0,1
507234,1,0,0.0,1,0,0,search_ad,0,0,1
506052,4,1,65.47,0,0,1,other,1,0,0
506910,8,0,0.0,0,0,1,other,0,0,1
500377,3,0,0.0,0,0,1,other,1,1,1
505153,1,1,68.69,0,0,1,other,0,0,1
507763,4,0,0.0,0,0,1,other,1,0,0
500705,6,0,0.0,0,0,1,other,0,1,1
502418,3,0,0.0,1,0,0,search_ad,0,0,0
502656,1,1,18.27,0,0,1,other,0,0,1
508365,10,0,0.0,0,0,1,other,0,0,0
505291,1,1,69.34,0,0,1,other,0,0,0
510796,3,1,35.83,0,0,1,other,1,0,0
510456,3,0,0.0,0,0,1,other,0,0,0
515752,2,0,0.0,1,0,0,search_ad,0,0,0
510990,2,1,24.19,0,0,1,other,0,0,0
504442,2,0,0.0,0,0,1,other,0,1,1
504194,4,0,0.0,1,0,0,search_ad,0,0,0
510235,3,1,28.42,1,0,0,search_ad,1,0,1
509097,4,0,0.0,0,0,1,other,0,0,1
506216,3,0,0.0,0,0,1,other,0,0,1
501451,2,0,0.0,0,0,1,other,0,0,0
512642,2,1,99.97,0,1,0,affiliate,1,1,0
507761,2,0,0.0,1,0,0,search_ad,1,0,1
513762,3,0,0.0,1,0,0,search_ad,0,0,0
500209,1,1,111.59,1,0,0,search_ad,1,0,0
502338,16,0,0.0,0,0,1,other,0,1,1
513464,5,1,35.21,1,0,0,search_ad,0,0,0
510357,8,1,81.4,0,0,1,other,1,1,1
511358,3,1,36.79,1,0,0,search_ad,1,1,1
506878,16,0,0.0,0,0,1,other,1,0,1
511776,9,1,66.2,0,0,1,other,0,1,1
512318,2,0,0.0,0,0,1,other,0,0,1
506429,5,1,32.87,1,0,0,search_ad,0,0,0
503026,8,0,0.0,0,0,1,other,0,0,1
509288,6,1,14.44,0,0,1,other,0,0,0
509016,3,0,0.0,0,0,1,other,0,0,1
506388,5,0,0.0,0,0,1,other,0,1,0
509662,4,0,0.0,0,0,1,other,0,0,0
501935,2,0,0.0,0,0,1,other,0,1,1
506671,2,1,37.39,0,0,1,other,1,0,0
501635,3,0,0.0,1,0,0,search_ad,0,0,1
508166,2,1,73.24,0,0,1,other,0,1,1
503060,4,1,24.3,0,0,1,other,0,0,1
501431,11,0,0.0,1,0,0,search_ad,1,1,0
507202,2,0,0.0,0,1,0,affiliate,1,1,1
505805,8,1,56.11,0,0,1,other,1,1,0
504462,3,0,0.0,0,0,1,other,0,0,0
507255,1,0,0.0,1,0,0,search_ad,0,0,0
512278,10,0,0.0,0,0,1,other,1,1,0
503462,1,0,0.0,0,0,1,other,0,0,1
503551,9,1,98.46,0,0,1,other,0,0,0
500754,1,0,0.0,0,0,1,other,0,0,0
507933,3,0,0.0,1,0,0,search_ad,1,1,0
511217,11,0,0.0,0,0,1,other,0,0,0
507175,10,0,0.0,0,1,0,affiliate,1,0,1
500034,1,0,0.0,1,0,0,search_ad,0,0,0
514798,3,0,0.0,1,0,0,search_ad,1,1,1
513856,9,0,0.0,1,0,0,search_ad,0,1,1
511801,5,0,0.0,0,0,1,other,0,0,0
504966,7,0,0.0,0,0,1,other,0,1,1
514454,4,1,40.97,0,0,1,other,0,1,0
507153,9,1,79.29,0,0,1,other,0,1,1
507564,2,0,0.0,1,0,0,search_ad,0,1,0
510741,6,0,0.0,0,0,1,other,0,1,1
503693,1,0,0.0,1,0,0,search_ad,0,0,1
506867,10,1,50.76,0,0,1,other,0,0,1
501298,12,0,0.0,0,0,1,other,1,0,1
509439,3,0,0.0,0,1,0,affiliate,1,0,0
508917,3,0,0.0,1,0,0,search_ad,1,0,1
506984,9,0,0.0,0,0,1,other,1,0,1
511978,1,0,0.0,0,0,1,other,0,1,0
503528,1,0,0.0,1,0,0,search_ad,1,1,0
506334,5,0,0.0,0,0,1,other,1,0,0
500909,6,1,26.1,0,0,1,other,1,1,0
504041,3,0,0.0,0,0,1,other,0,0,0
508876,4,0,0.0,0,0,1,other,1,1,0
512909,1,0,0.0,0,0,1,other,0,0,0
515475,1,0,0.0,0,0,1,other,1,0,0
502797,1,0,0.0,1,0,0,search_ad,0,1,1
504070,6,0,0.0,0,0,1,other,0,0,0
512315,1,0,0.0,0,0,1,other,1,1,0
502579,7,0,0.0,0,0,1,other,0,0,0
508461,2,0,0.0,1,0,0,search_ad,0,0,1
512185,17,0,0.0,0,0,1,other,1,0,0
509748,9,1,12.54,0,0,1,other,0,0,1
506729,4,0,0.0,0,0,1,other,0,1,0
509631,9,1,142.91,0,0,1,other,0,1,0
515096,4,1,65.8,1,0,0,search_ad,0,1,1
508993,6,0,0.0,0,0,1,other,0,1,0
500112,4,1,29.97,0,0,1,other,1,0,1
513238,3,0,0.0,0,0,1,other,1,0,0
501702,7,1,49.61,0,0,1,other,1,1,0
501784,2,0,0.0,0,0,1,other,0,1,0
503016,1,0,0.0,0,0,1,other,0,1,0
513812,1,0,0.0,1,0,0,search_ad,0,0,0
510218,5,0,0.0,0,0,1,other,0,1,0
504920,1,0,0.0,1,0,0,search_ad,0,0,0
500979,8,1,52.1,1,0,0,search_ad,0,1,1
508811,1,1,32.86,0,0,1,other,0,0,1
513736,2,0,0.0,1,0,0,search_ad,0,0,1
504316,8,0,0.0,0,0,1,other,0,0,1
515551,9,0,0.0,0,0,1,other,1,1,0
510393,4,0,0.0,1,0,0,search_ad,1,1,0
511782,8,0,0.0,0,0,1,other,1,0,0
515457,5,0,0.0,1,0,0,search_ad,1,1,0
504886,2,1,48.44,0,0,1,other,1,1,0
507559,7,0,0.0,0,0,1,other,0,1,1
510619,10,0,0.0,0,0,1,other,1,0,0
508611,8,0,0.0,0,0,1,other,0,1,1
506758,4,0,0.0,0,0,1,other,0,0,0
507347,13,0,0.0,0,0,1,other,1,0,1
510435,2,1,49.6,0,0,1,other,1,1,0
501409,6,0,0.0,0,0,1,other,0,0,1
513195,4,0,0.0,1,0,0,search_ad,0,0,1
515613,3,0,0.0,0,0,1,other,0,0,0
510847,20,1,30.85,0,0,1,other,1,0,1
506204,7,0,0.0,1,0,0,search_ad,1,0,0
504065,4,1,29.77,0,0,1,other,1,1,1
513535,1,0,0.0,1,0,0,search_ad,0,0,0
510714,4,0,0.0,1,0,0,search_ad,1,0,0
502544,8,1,32.33,0,0,1,other,0,0,0
510469,1,0,0.0,0,0,1,other,0,0,0
506897,15,1,50.53,0,0,1,other,0,1,0
514647,4,0,0.0,0,0,1,other,0,0,1
505164,14,0,0.0,0,0,1,other,1,0,1
507318,7,0,0.0,1,0,0,search_ad,1,1,1
501615,2,0,0.0,0,0,1,other,0,0,1
507158,6,0,0.0,1,0,0,search_ad,0,1,0
504768,5,1,143.55,0,0,1,other,0,1,1
507785,6,0,0.0,0,0,1,other,0,1,1
500397,3,0,0.0,0,1,0,affiliate,0,0,1
503653,6,0,0.0,0,0,1,other,1,1,0
505869,3,0,0.0,1,0,0,search_ad,0,1,1
508507,3,0,0.0,0,1,0,affiliate,0,0,0
504505,6,0,0.0,0,0,1,other,0,0,1
502367,3,1,81.11,0,0,1,other,0,0,0
505981,3,0,0.0,0,0,1,other,0,0,0
506028,2,1,62.53,0,0,1,other,0,0,1
509198,4,1,66.89,0,0,1,other,1,0,0
509337,3,0,0.0,0,0,1,other,0,1,1
501600,7,0,0.0,1,0,0,search_ad,0,1,1
505767,6,0,0.0,1,0,0,search_ad,1,1,0
508388,7,0,0.0,0,0,1,other,1,0,1
500818,11,0,0.0,0,0,1,other,1,1,1
515232,4,1,39.83,0,0,1,other,0,0,0
506760,2,1,100.43,0,0,1,other,1,1,0
507189,10,0,0.0,0,0,1,other,0,1,1
503352,2,0,0.0,0,0,1,other,1,1,1
506339,3,0,0.0,0,1,0,affiliate,0,0,0
500217,2,0,0.0,1,0,0,search_ad,0,0,0
509049,4,0,0.0,0,0,1,other,0,1,1
510432,5,1,108.09,0,0,1,other,1,0,1
513820,9,1,53.62,1,0,0,search_ad,1,0,0
513828,8,1,50.85,0,0,1,other,0,0,1
511120,19,1,21.79,0,0,1,other,0,0,1
510724,1,0,0.0,0,0,1,other,0,1,1
506132,9,1,23.39,0,0,1,other,1,0,0
511542,2,0,0.0,0,0,1,other,0,1,0
502300,4,1,62.59,0,0,1,other,0,0,0
500612,3,0,0.0,0,0,1,other,1,0,0
512553,3,0,0.0,0,0,1,other,0,0,0
501513,7,0,0.0,1,0,0,search_ad,0,0,1
510684,13,0,0.0,0,0,1,other,0,0,1
514525,8,0,0.0,0,0,1,other,1,0,0
511656,5,0,0.0,0,0,1,other,0,0,0
514999,11,0,0.0,0,0,1,other,0,0,0
508373,10,0,0.0,0,0,1,other,0,0,0
513004,1,0,0.0,1,0,0,search_ad,0,0,0
510882,3,0,0.0,1,0,0,search_ad,0,0,1
512510,3,0,0.0,1,0,0,search_ad,1,1,0
515514,4,0,0.0,1,0,0,search_ad,0,0,1
507827,2,1,52.77,0,0,1,other,0,0,0
510634,9,0,0.0,0,0,1,other,0,1,0
504677,4,0,0.0,0,0,1,other,0,0,0
509768,14,0,0.0,1,0,0,search_ad,1,1,1
505071,9,1,29.33,0,0,1,other,1,0,0
512477,14,0,0.0,0,0,1,other,0,1,0
500764,1,0,0.0,0,0,1,other,1,0,1
507177,2,0,0.0,1,0,0,search_ad,1,0,0
506085,1,0,0.0,1,0,0,search_ad,0,0,0
507101,1,0,0.0,1,0,0,search_ad,0,0,1
507338,6,0,0.0,0,0,1,other,0,0,0
510844,2,1,67.39,0,0,1,other,0,0,1
506189,1,0,0.0,0,0,1,other,0,1,1
514142,6,0,0.0,0,0,1,other,0,1,0
515089,3,0,0.0,0,1,0,affiliate,1,0,1
502969,9,1,40.57,0,0,1,other,0,0,1
508941,10,0,0.0,0,0,1,other,0,0,1
502914,12,1,73.09,0,0,1,other,0,1,1
502391,6,1,19.36,0,0,1,other,1,1,0
511673,5,1,64.57,0,0,1,other,1,0,0
513619,5,0,0.0,1,0,0,search_ad,0,1,0
515061,2,0,0.0,1,0,0,search_ad,0,0,0
504703,13,1,39.24,0,0,1,other,1,0,1
508525,1,0,0.0,0,0,1,other,0,1,1
510133,5,0,0.0,1,0,0,search_ad,1,0,1
513237,9,0,0.0,0,0,1,other,0,1,0
501622,4,0,0.0,0,0,1,other,1,0,1
514574,3,0,0.0,0,0,1,other,0,0,1
509331,5,0,0.0,0,0,1,other,1,0,1
507269,2,0,0.0,1,0,0,search_ad,1,0,0
507749,3,0,0.0,1,0,0,search_ad,0,0,0
502478,4,0,0.0,0,0,1,other,1,0,0
513184,6,1,44.59,0,0,1,other,1,0,0
511424,3,0,0.0,1,0,0,search_ad,0,0,0
503782,5,0,0.0,0,0,1,other,0,1,0
506530,6,1,34.71,0,0,1,other,0,0,1
508184,6,1,51.82,0,0,1,other,1,0,1
503442,6,0,0.0,0,0,1,other,1,0,0
514165,2,0,0.0,0,0,1,other,0,1,0
503644,2,0,0.0,1,0,0,search_ad,1,0,1
515805,6,1,30.97,0,0,1,other,0,1,1
507563,5,0,0.0,0,0,1,other,0,1,0
509395,8,0,0.0,0,0,1,other,0,0,0
508063,6,1,65.57,0,0,1,other,0,0,1
514369,6,0,0.0,0,0,1,other,0,0,0
503106,3,1,37.4,0,0,1,other,0,0,0
510115,6,0,0.0,0,0,1,other,0,1,1
509441,4,0,0.0,0,1,0,affiliate,0,0,0
511593,8,0,0.0,0,0,1,other,1,1,1
509670,1,0,0.0,1,0,0,search_ad,0,0,1
515391,7,0,0.0,0,0,1,other,0,0,0
504202,4,0,0.0,0,0,1,other,0,1,0
507188,4,0,0.0,0,0,1,other,0,1,0
501670,15,0,0.0,0,0,1,other,0,0,1
500654,2,0,0.0,0,0,1,other,0,0,0
503367,2,0,0.0,1,0,0,search_ad,0,0,0
511302,1,0,0.0,1,0,0,search_ad,0,0,0
507860,3,1,58.54,1,0,0,search_ad,1,0,1
515944,4,0,0.0,0,0,1,other,0,1,1
513465,1,1,106.38,0,0,1,other,0,0,1
512577,6,1,35.16,0,0,1,other,0,0,1
504746,1,0,0.0,1,0,0,search_ad,0,1,0
511423,3,0,0.0,0,0,1,other,0,1,0
515185,11,1,25.46,1,0,0,search_ad,1,0,0
508420,2,1,44.55,0,0,1,other,1,0,0
514662,4,0,0.0,0,0,1,other,0,1,0
503945,6,1,87.31,0,0,1,other,1,0,0
500480,6,0,0.0,0,0,1,other,0,0,0
506245,1,0,0.0,0,0,1,other,0,0,0
509672,24,1,62.99,0,0,1,other,1,1,0
510472,1,0,0.0,1,0,0,search_ad,0,0,0
508310,9,0,0.0,0,0,1,other,0,0,0
500104,3,1,30.5,0,0,1,other,0,1,0
510419,3,0,0.0,0,0,1,other,0,0,1
501158,1,0,0.0,1,0,0,search_ad,0,0,1
504871,3,0,0.0,0,0,1,other,1,0,0
508048,8,1,79.27,1,0,0,search_ad,1,0,1
501384,3,0,0.0,0,1,0,affiliate,0,0,0
512118,4,0,0.0,0,0,1,other,0,1,0
504897,7,1,99.15,0,0,1,other,1,0,1
513435,2,1,26.6,0,1,0,affiliate,0,0,0
508318,5,1,54.68,0,0,1,other,0,1,0
512353,3,1,26.38,0,0,1,other,1,1,1
504408,2,0,0.0,0,0,1,other,1,1,1
500648,14,1,63.29,0,0,1,other,1,0,1
515194,3,1,100.12,0,0,1,other,0,1,0
514613,5,0,0.0,0,0,1,other,0,0,0
506058,4,0,0.0,0,0,1,other,0,0,0
507984,5,0,0.0,0,0,1,other,0,0,0
515943,4,0,0.0,0,0,1,other,1,1,0
501458,1,1,24.24,1,0,0,search_ad,0,1,0
512518,7,0,0.0,0,0,1,other,0,0,1
503679,13,0,0.0,0,0,1,other,0,0,1
503275,5,1,112.56,0,0,1,other,1,0,0
504803,2,0,0.0,1,0,0,search_ad,0,1,1
507020,1,0,0.0,0,0,1,other,0,0,1
514239,6,0,0.0,0,0,1,other,0,0,0
505423,13,0,0.0,0,0,1,other,1,1,0
504919,2,0,0.0,1,0,0,search_ad,0,0,1
509189,4,0,0.0,0,0,1,other,0,1,1
506110,2,0,0.0,1,0,0,search_ad,0,1,0
513403,1,0,0.0,1,0,0,search_ad,1,0,0
500884,8,1,120.75,1,0,0,search_ad,1,1,1
505229,3,1,33.89,0,0,1,other,0,1,1
500544,2,1,49.41,1,0,0,search_ad,1,1,1
505246,7,0,0.0,0,0,1,other,1,1,1
515521,3,0,0.0,0,0,1,other,0,1,0
514978,1,1,55.72,0,0,1,other,1,0,1
505551,3,0,0.0,0,0,1,other,0,0,0
513254,3,1,42.91,0,0,1,other,1,1,0
506585,3,1,44.06,1,0,0,search_ad,0,0,0
514826,3,1,97.05,0,0,1,other,0,0,1
512365,20,0,0.0,0,0,1,other,1,0,1
510412,2,0,0.0,1,0,0,search_ad,1,0,0
500742,3,0,0.0,0,0,1,other,0,0,0
509884,13,0,0.0,0,0,1,other,0,1,0
515261,2,0,0.0,0,0,1,other,0,0,1
508205,5,0,0.0,0,0,1,other,0,0,1
515743,5,0,0.0,0,1,0,affiliate,1,0,0
501982,6,0,0.0,0,0,1,other,0,0,0
502145,12,1,66.7,0,0,1,other,1,0,1
502849,23,0,0.0,0,0,1,other,0,0,1
501881,1,0,0.0,1,0,0,search_ad,1,1,0
515108,8,0,0.0,0,0,1,other,0,1,0
509595,3,0,0.0,1,0,0,search_ad,1,0,0
512738,5,1,44.39,1,0,0,search_ad,1,1,1
500334,7,1,33.25,0,0,1,other,1,1,0
510639,8,0,0.0,0,0,1,other,0,0,0
505324,9,1,57.85,1,0,0,search_ad,1,0,1
503705,5,0,0.0,0,0,1,other,0,0,0
502287,1,0,0.0,1,0,0,search_ad,1,0,1
511964,4,0,0.0,0,0,1,other,1,0,1
500715,1,0,0.0,0,0,1,other,1,1,0
506631,10,0,0.0,0,0,1,other,0,1,1
508888,4,0,0.0,1,0,0,search_ad,0,1,0
506509,5,0,0.0,0,0,1,other,0,0,1
509930,7,0,0.0,0,0,1,other,1,0,1
514541,2,0,0.0,0,0,1,other,0,0,0
511823,1,0,0.0,0,0,1,other,0,1,1
505490,1,1,35.16,1,0,0,search_ad,0,0,0
504833,4,1,102.26,0,0,1,other,0,1,0
506573,3,0,0.0,0,0,1,other,0,0,0
504296,5,0,0.0,1,0,0,search_ad,1,0,1
504603,6,0,0.0,0,0,1,other,0,0,0
514336,6,0,0.0,0,0,1,other,0,0,0
510858,1,0,0.0,0,0,1,other,1,0,0
500840,5,0,0.0,0,0,1,other,0,1,0
512931,2,0,0.0,0,0,1,other,0,0,0
513515,7,0,0.0,1,0,0,search_ad,0,0,1
514536,1,0,0.0,1,0,0,search_ad,0,0,1
510768,3,0,0.0,0,0,1,other,0,0,0
506481,5,0,0.0,0,0,1,other,0,0,1
513111,2,0,0.0,0,0,1,other,0,0,0
512361,3,1,40.78,0,0,1,other,0,1,0
505392,5,0,0.0,1,0,0,search_ad,0,0,0
512191,5,0,0.0,1,0,0,search_ad,1,0,0
505293,8,0,0.0,0,0,1,other,1,0,0
512902,9,1,16.35,0,0,1,other,0,1,1
512445,3,0,0.0,0,0,1,other,1,1,1
500745,4,0,0.0,0,0,1,other,0,1,0
501966,22,0,0.0,0,0,1,other,0,0,1
506195,2,1,99.28,0,0,1,other,0,0,1
507049,2,1,43.01,1,0,0,search_ad,0,1,1
504005,3,1,42.49,1,0,0,search_ad,0,1,1
501143,5,0,0.0,1,0,0,search_ad,0,1,1
505910,11,0,0.0,0,0,1,other,1,0,1
503895,1,0,0.0,0,0,1,other,1,0,0
501207,3,1,47.98,0,0,1,other,1,1,1
512698,3,0,0.0,0,0,1,other,0,0,0
515153,5,0,0.0,0,0,1,other,0,0,0
515527,2,0,0.0,1,0,0,search_ad,0,0,1
507285,11,1,108.76,0,0,1,other,1,0,0
507220,1,1,19.07,1,0,0,search_ad,1,0,0
509983,2,1,166.91,0,0,1,other,1,0,0
506868,5,0,0.0,0,0,1,other,0,0,0
509241,3,1,40.56,1,0,0,search_ad,0,1,1
500531,9,0,0.0,0,0,1,other,1,0,0
515162,2,1,47.97,0,0,1,other,0,1,1
512137,8,1,80.49,0,0,1,other,0,1,0
510260,3,1,26.64,1,0,0,search_ad,1,0,1
508189,1,1,72.25,0,0,1,other,0,1,0
503380,2,0,0.0,0,0,1,other,1,0,0
506320,4,0,0.0,1,0,0,search_ad,1,0,0
510630,5,0,0.0,0,0,1,other,0,0,0
502526,5,0,0.0,1,0,0,search_ad,0,0,1
511456,2,1,81.23,0,0,1,other,1,0,0
508035,3,0,0.0,0,0,1,other,1,1,1
510537,6,1,88.99,0,0,1,other,1,1,1
511008,6,0,0.0,0,0,1,other,0,0,0
509704,2,0,0.0,0,0,1,other,0,0,1
513852,2,1,144.55,1,0,0,search_ad,0,0,0
507262,5,0,0.0,0,0,1,other,0,0,0
513720,5,0,0.0,1,0,0,search_ad,1,1,0
502413,2,0,0.0,0,0,1,other,1,0,1
508972,10,0,0.0,0,0,1,other,0,1,1
515125,22,0,0.0,0,0,1,other,1,1,0
506225,4,0,0.0,0,0,1,other,0,0,0
513949,9,0,0.0,1,0,0,search_ad,1,0,0
502944,2,0,0.0,0,0,1,other,0,1,1
501333,4,0,0.0,0,0,1,other,0,1,0
507406,2,0,0.0,1,0,0,search_ad,0,1,0
515996,2,0,0.0,1,0,0,search_ad,0,0,1
512335,12,1,63.74,0,0,1,other,1,1,0
502877,2,0,0.0,0,0,1,other,0,0,1
506374,2,0,0.0,1,0,0,search_ad,1,0,0
507016,3,1,19.58,0,0,1,other,0,1,0
510960,11,1,36.04,0,0,1,other,1,0,1
511259,1,0,0.0,0,0,1,other,0,0,1
508904,9,1,61.53,1,0,0,search_ad,1,0,1
503223,12,0,0.0,0,0,1,other,0,0,1
513067,13,0,0.0,0,0,1,other,1,0,0
515867,8,0,0.0,0,0,1,other,0,0,0
502118,2,1,29.03,0,0,1,other,0,1,0
514518,2,0,0.0,0,0,1,other,0,1,0
507729,5,0,0.0,0,0,1,other,0,0,0
515959,7,0,0.0,0,0,1,other,0,0,1
506441,9,1,30.66,0,0,1,other,0,1,0
514636,8,0,0.0,0,0,1,other,0,0,0
501184,1,0,0.0,0,0,1,other,1,0,0
511933,1,1,47.31,0,0,1,other,0,1,0
512966,7,0,0.0,0,0,1,other,1,0,0
507417,2,0,0.0,0,0,1,other,0,0,0
503061,12,0,0.0,0,0,1,other,1,0,0
503284,14,0,0.0,0,0,1,other,0,0,1
510013,1,0,0.0,1,0,0,search_ad,0,0,0
508204,5,0,0.0,0,0,1,other,0,0,0
510171,3,0,0.0,0,0,1,other,0,0,1
511831,6,1,65.14,0,0,1,other,1,0,1
505713,11,1,138.44,0,0,1,other,0,0,1
504188,5,1,37.31,0,0,1,other,1,1,1
501058,8,0,0.0,0,0,1,other,0,1,0
504654,2,0,0.0,1,0,0,search_ad,0,1,0
508041,2,0,0.0,0,0,1,other,1,0,1
511335,15,1,92.45,0,0,1,other,0,0,0
507256,5,0,0.0,0,0,1,other,1,1,1
505850,2,0,0.0,1,0,0,search_ad,0,1,0
510931,4,0,0.0,0,0,1,other,0,1,1
500622,11,0,0.0,0,0,1,other,0,0,1
505175,2,0,0.0,0,0,1,other,1,1,0
512981,2,0,0.0,1,0,0,search_ad,0,0,1
508810,1,0,0.0,1,0,0,search_ad,0,0,0
507502,5,0,0.0,0,0,1,other,0,0,1
504157,5,0,0.0,0,0,1,other,0,1,1
506740,2,1,74.21,1,0,0,search_ad,0,1,0
504169,1,0,0.0,0,0,1,other,0,0,0
508889,15,1,19.93,0,0,1,other,0,0,0
511813,2,1,62.71,0,0,1,other,1,0,1
503345,3,0,0.0,0,0,1,other,1,1,0
505404,15,1,52.01,0,0,1,other,0,0,1
514293,2,0,0.0,1,0,0,search_ad,0,1,0
506606,5,0,0.0,0,0,1,other,1,0,0
512784,10,1,36.63,0,0,1,other,1,0,1
503861,5,0,0.0,0,0,1,other,0,0,0
511460,2,0,0.0,0,0,1,other,0,1,1
511354,13,0,0.0,0,0,1,other,0,1,1
512866,11,0,0.0,0,0,1,other,1,0,1
514667,1,1,89.78,1,0,0,search_ad,0,0,1
500186,12,1,44.21,0,0,1,other,1,0,1
515804,16,0,0.0,0,0,1,other,0,0,0
513582,1,0,0.0,1,0,0,search_ad,0,0,0
511496,5,1,52.56,0,0,1,other,0,1,0
508622,2,0,0.0,0,0,1,other,0,0,0
509543,16,1,56.51,0,0,1,other,1,0,1
504352,1,0,0.0,1,0,0,search_ad,0,0,1
511328,2,0,0.0,0,0,1,other,1,0,0
513549,4,1,68.09,0,0,1,other,0,0,0
513541,2,0,0.0,0,0,1,other,0,0,1
503704,6,1,47.24,0,0,1,other,1,0,1
504470,2,1,89.81,1,0,0,search_ad,0,0,1
506806,9,0,0.0,0,0,1,other,1,0,0
509437,17,1,19.45,0,0,1,other,1,1,1
511489,6,0,0.0,0,1,0,affiliate,0,0,0
502922,10,1,46.32,0,0,1,other,1,0,1
507302,10,0,0.0,0,0,1,other,0,1,1
505749,2,0,0.0,0,0,1,other,1,0,0
508575,3,0,0.0,0,0,1,other,0,1,1
510773,4,0,0.0,1,0,0,search_ad,0,1,0
510076,8,0,0.0,0,0,1,other,0,0,1
504732,5,0,0.0,0,0,1,other,0,1,0
515119,9,0,0.0,0,0,1,other,0,1,0
507437,3,1,105.69,0,0,1,other,1,0,1
503078,4,0,0.0,1,0,0,search_ad,1,1,0
515414,2,0,0.0,0,0,1,other,0,1,0
502572,7,0,0.0,1,0,0,search_ad,1,0,1
504565,2,0,0.0,1,0,0,search_ad,1,0,1
501595,2,0,0.0,0,0,1,other,0,1,0
502535,2,0,0.0,0,0,1,other,0,1,0
511411,4,1,19.55,0,0,1,other,0,1,1
515579,1,0,0.0,0,0,1,other,0,0,0
505747,5,0,0.0,0,0,1,other,1,0,0
506396,13,0,0.0,0,0,1,other,0,0,1
507625,3,0,0.0,0,0,1,other,0,0,0
515246,4,0,0.0,0,0,1,other,0,0,1
500677,4,0,0.0,0,0,1,other,0,0,1
512114,7,1,66.5,0,0,1,other,0,0,1
507078,4,0,0.0,0,0,1,other,0,0,1
513006,5,0,0.0,1,0,0,search_ad,1,1,1
512124,6,0,0.0,0,0,1,other,1,1,1
500922,3,0,0.0,0,0,1,other,0,0,0
509903,6,0,0.0,0,0,1,other,0,0,1
501183,9,0,0.0,0,0,1,other,0,0,0
508862,2,0,0.0,0,0,1,other,0,0,0
515534,6,0,0.0,0,0,1,other,0,0,1
511652,2,0,0.0,1,0,0,search_ad,0,1,0
500222,4,0,0.0,0,0,1,other,1,0,0
500559,5,0,0.0,0,1,0,affiliate,0,0,0
506455,1,0,0.0,1,0,0,search_ad,1,0,1
501328,7,0,0.0,1,0,0,search_ad,1,1,0
508067,2,0,0.0,0,0,1,other,0,0,0
502457,1,0,0.0,1,0,0,search_ad,0,0,0
500703,5,0,0.0,0,0,1,other,0,0,0
512777,2,0,0.0,0,0,1,other,1,1,0
501444,7,0,0.0,0,0,1,other,0,0,1
503356,18,0,0.0,0,0,1,other,0,0,0
511083,4,0,0.0,1,0,0,search_ad,1,1,0
514947,2,0,0.0,1,0,0,search_ad,0,0,0
510934,13,0,0.0,0,0,1,other,1,0,0
502332,5,0,0.0,0,0,1,other,0,1,0
507461,7,0,0.0,0,0,1,other,0,0,0
504171,4,0,0.0,0,0,1,other,0,0,0
502550,7,0,0.0,0,0,1,other,0,0,0
504122,4,0,0.0,0,0,1,other,0,0,1
507601,3,0,0.0,0,0,1,other,0,0,0
515872,1,0,0.0,0,0,1,other,0,0,1
511779,3,0,0.0,0,0,1,other,1,0,1
500579,7,0,0.0,0,0,1,other,1,1,0
508695,3,0,0.0,0,0,1,other,0,0,1
505033,1,0,0.0,0,0,1,other,0,0,0
510123,2,0,0.0,1,0,0,search_ad,0,1,1
514047,4,0,0.0,0,0,1,other,0,1,0
502880,6,0,0.0,0,0,1,other,1,0,1
513651,2,0,0.0,0,0,1,other,0,0,0
515855,4,1,65.41,1,0,0,search_ad,0,1,1
501666,1,1,34.86,0,0,1,other,0,1,1
504639,2,1,85.53,0,0,1,other,1,0,0
507199,1,0,0.0,0,0,1,other,1,1,0
502583,8,0,0.0,0,0,1,other,0,0,0
506226,7,0,0.0,0,0,1,other,0,0,1
507986,3,0,0.0,0,0,1,other,0,0,1
511021,8,0,0.0,0,0,1,other,0,0,0
500725,3,0,0.0,0,0,1,other,0,0,1
511809,7,0,0.0,0,0,1,other,0,0,1
514074,2,0,0.0,0,0,1,other,0,0,0
512443,4,0,0.0,0,0,1,other,0,0,0
512298,8,0,0.0,1,0,0,search_ad,1,0,1
501154,5,0,0.0,0,0,1,other,0,0,1
510030,6,0,0.0,0,0,1,other,0,0,0
507460,20,0,0.0,0,0,1,other,1,1,0
509363,4,0,0.0,1,0,0,search_ad,1,0,0
505750,3,0,0.0,0,0,1,other,0,0,1
500448,4,0,0.0,0,0,1,other,0,0,0
501792,19,0,0.0,0,0,1,other,1,0,0
514464,2,0,0.0,0,0,1,other,0,1,0
512144,2,0,0.0,1,0,0,search_ad,1,0,0
510895,1,1,44.22,0,0,1,other,0,1,1
505565,4,0,0.0,0,0,1,other,0,0,1
504673,3,0,0.0,0,0,1,other,0,1,0
515271,1,0,0.0,0,0,1,other,0,0,0
503708,5,1,15.55,0,0,1,other,0,0,1
500945,4,0,0.0,0,0,1,other,0,0,0
502169,1,0,0.0,0,0,1,other,0,0,0
505903,1,0,0.0,1,0,0,search_ad,0,0,1
505268,8,1,18.99,0,0,1,other,1,1,1
502334,2,0,0.0,1,0,0,search_ad,0,0,0
514596,9,0,0.0,1,0,0,search_ad,0,0,1
500876,8,0,0.0,0,0,1,other,0,0,1
507239,3,0,0.0,0,0,1,other,0,0,1
502946,9,1,66.09,0,0,1,other,1,0,0
504937,1,0,0.0,0,0,1,other,0,0,0
505365,5,0,0.0,0,0,1,other,0,0,1
510780,1,1,82.43,0,0,1,other,0,1,0
501316,3,0,0.0,0,0,1,other,0,1,1
509799,3,0,0.0,0,0,1,other,0,1,0
506875,10,0,0.0,0,1,0,affiliate,0,0,1
514710,5,0,0.0,1,0,0,search_ad,0,0,0
504716,12,0,0.0,1,0,0,search_ad,1,0,1
509564,2,0,0.0,0,0,1,other,0,0,0
504107,1,1,62.46,0,0,1,other,1,0,0
503435,1,0,0.0,0,0,1,other,0,1,0
503942,4,0,0.0,1,0,0,search_ad,0,1,1
509480,3,0,0.0,0,0,1,other,0,0,0
513698,5,0,0.0,0,0,1,other,1,0,0
504623,5,0,0.0,0,0,1,other,0,0,1
513181,2,1,99.44,0,0,1,other,1,1,1
505285,7,0,0.0,0,0,1,other,0,0,0
505107,9,0,0.0,0,0,1,other,1,1,1
514575,4,0,0.0,0,0,1,other,0,0,0
504238,3,1,71.75,1,0,0,search_ad,0,0,1
511005,12,0,0.0,0,0,1,other,0,0,1
502134,3,1,48.06,0,0,1,other,0,1,0
510685,5,0,0.0,0,0,1,other,1,0,0
514747,2,0,0.0,1,0,0,search_ad,0,0,0
501627,4,0,0.0,0,0,1,other,0,1,0
512964,2,0,0.0,0,0,1,other,0,0,1
511860,5,1,50.76,0,0,1,other,0,1,1
512521,14,0,0.0,0,0,1,other,0,1,1
501238,2,0,0.0,1,0,0,search_ad,0,1,0
512888,4,0,0.0,1,0,0,search_ad,0,1,1
515463,3,0,0.0,1,0,0,search_ad,1,1,0
507542,3,0,0.0,0,0,1,other,0,0,0
515837,3,0,0.0,0,0,1,other,0,0,0
501802,10,0,0.0,0,0,1,other,0,0,0
515840,1,0,0.0,1,0,0,search_ad,0,1,0
511434,1,1,55.11,0,0,1,other,1,0,1
508642,2,0,0.0,0,0,1,other,0,0,1
504149,3,1,31.47,0,0,1,other,1,0,0
501356,4,0,0.0,1,0,0,search_ad,1,0,0
500980,1,0,0.0,0,0,1,other,1,0,0
504818,4,0,0.0,0,0,1,other,1,0,0
514559,6,1,28.69,0,0,1,other,1,0,0
512833,7,0,0.0,0,0,1,other,0,1,0
501098,3,1,17.35,0,0,1,other,1,0,1
506951,6,0,0.0,1,0,0,search_ad,0,0,1
501019,5,0,0.0,0,0,1,other,0,0,0
505986,1,1,61.69,0,0,1,other,1,0,1
502956,8,1,98.44,0,0,1,other,0,0,1
510526,4,0,0.0,1,0,0,search_ad,0,1,0
514171,1,0,0.0,1,0,0,search_ad,0,0,0
501706,7,0,0.0,0,0,1,other,1,1,0
505081,2,0,0.0,0,0,1,other,1,0,1
508974,20,0,0.0,0,0,1,other,1,0,0
513454,8,0,0.0,0,0,1,other,0,1,1
507615,5,0,0.0,1,0,0,search_ad,1,0,0
503384,6,0,0.0,0,0,1,other,0,0,0
503030,10,0,0.0,1,0,0,search_ad,0,0,1
511721,3,0,0.0,1,0,0,search_ad,0,0,1
515711,5,0,0.0,0,0,1,other,0,0,0
502076,1,1,62.97,1,0,0,search_ad,0,0,1
515136,1,0,0.0,1,0,0,search_ad,0,0,1
500950,4,0,0.0,0,0,1,other,0,0,0
514097,8,0,0.0,1,0,0,search_ad,1,1,0
514257,4,1,46.03,0,0,1,other,0,1,1
502992,1,0,0.0,0,0,1,other,0,1,1
505295,2,0,0.0,1,0,0,search_ad,0,0,0
505138,2,0,0.0,1,0,0,search_ad,0,1,1
515807,9,0,0.0,0,0,1,other,1,0,1
513803,2,0,0.0,0,0,1,other,0,1,0
502068,3,0,0.0,0,0,1,other,0,0,1
503469,3,0,0.0,1,0,0,search_ad,0,0,0
501509,4,0,0.0,0,0,1,other,0,1,0
508273,7,0,0.0,0,0,1,other,1,1,0
502716,5,0,0.0,0,0,1,other,0,1,0
515109,2,1,68.31,0,0,1,other,0,0,0
507655,3,0,0.0,0,0,1,other,0,1,1
511478,1,0,0.0,1,0,0,search_ad,0,0,0
501567,1,0,0.0,0,0,1,other,0,1,0
514359,5,0,0.0,0,0,1,other,0,1,0
505447,3,0,0.0,1,0,0,search_ad,0,0,1
501603,3,0,0.0,0,0,1,other,1,0,0
500322,5,1,46.0,0,0,1,other,0,0,1
504631,1,0,0.0,1,0,0,search_ad,0,0,0
513045,4,1,73.49,0,0,1,other,0,1,0
511127,2,0,0.0,0,0,1,other,0,1,1
503482,3,0,0.0,0,0,1,other,0,0,0
504334,2,1,40.41,0,0,1,other,0,0,0
510777,1,0,0.0,1,0,0,search_ad,0,1,1
514818,6,1,18.97,0,0,1,other,0,0,0
512959,9,0,0.0,0,0,1,other,0,1,0
508661,8,0,0.0,1,0,0,search_ad,1,0,0
509067,5,0,0.0,0,0,1,other,0,0,1
510075,5,0,0.0,1,0,0,search_ad,1,0,0
508723,5,0,0.0,0,0,1,other,0,0,0
511174,2,0,0.0,1,0,0,search_ad,1,0,1
512757,11,0,0.0,1,0,0,search_ad,1,0,1
507336,4,0,0.0,0,0,1,other,1,1,1
500264,5,0,0.0,0,0,1,other,0,1,0
506701,8,0,0.0,0,0,1,other,0,0,0
506436,2,1,50.24,0,0,1,other,1,1,0
504266,2,0,0.0,1,0,0,search_ad,0,1,1
503434,4,1,23.69,1,0,0,search_ad,1,1,0
511588,1,1,23.6,1,0,0,search_ad,1,1,0
510139,12,1,139.06,0,0,1,other,1,1,0
502754,3,0,0.0,0,0,1,other,0,0,1
508109,2,0,0.0,0,0,1,other,1,1,0
506206,3,1,37.01,0,0,1,other,1,1,0
508133,5,0,0.0,0,0,1,other,0,0,0
513659,8,1,56.41,0,0,1,other,1,1,0
512559,1,0,0.0,1,0,0,search_ad,0,0,0
500132,1,0,0.0,1,0,0,search_ad,0,0,0
505730,4,1,53.47,0,0,1,other,1,0,0
515506,5,0,0.0,0,1,0,affiliate,0,1,0
511502,2,0,0.0,0,0,1,other,0,0,0
503298,2,0,0.0,1,0,0,search_ad,0,1,1
513681,9,1,48.19,0,0,1,other,1,1,1
508219,4,0,0.0,1,0,0,search_ad,0,0,1
515440,7,0,0.0,0,0,1,other,0,0,1
503652,8,0,0.0,0,0,1,other,0,0,1
502092,4,0,0.0,1,0,0,search_ad,0,0,1
506502,15,0,0.0,0,0,1,other,1,1,1
500652,14,1,55.07,0,0,1,other,1,1,1
512490,3,0,0.0,0,0,1,other,0,0,1
502620,4,1,101.88,0,0,1,other,0,0,1
501025,3,0,0.0,0,0,1,other,0,1,0
505787,6,1,37.25,0,0,1,other,1,0,1
501840,1,0,0.0,0,0,1,other,0,0,1
512747,14,1,37.23,0,0,1,other,1,0,1
515823,3,0,0.0,0,0,1,other,0,1,0
513640,5,0,0.0,0,0,1,other,0,0,0
514483,15,0,0.0,0,0,1,other,1,0,1
513100,3,0,0.0,1,0,0,search_ad,0,0,0
505606,11,0,0.0,0,0,1,other,0,0,0
511099,1,0,0.0,1,0,0,search_ad,1,0,1
512396,2,0,0.0,1,0,0,search_ad,0,0,1
503296,1,0,0.0,1,0,0,search_ad,0,0,0
506519,4,1,79.33,0,0,1,other,1,0,1
514033,3,0,0.0,0,0,1,other,0,1,0
500763,6,1,25.12,0,0,1,other,0,1,1
513145,1,0,0.0,1,0,0,search_ad,0,0,0
500111,5,0,0.0,0,0,1,other,0,0,0
502443,8,0,0.0,0,0,1,other,0,1,1
511234,1,0,0.0,0,0,1,other,1,1,0
502523,4,0,0.0,1,0,0,search_ad,1,1,0
504195,2,0,0.0,1,0,0,search_ad,0,1,0
514615,3,0,0.0,0,0,1,other,0,0,1
505764,3,0,0.0,0,0,1,other,0,1,0
515911,2,0,0.0,0,0,1,other,1,0,0
503972,4,0,0.0,1,0,0,search_ad,0,0,1
504128,6,0,0.0,1,0,0,search_ad,0,1,0
515269,1,0,0.0,0,0,1,other,0,1,0
513757,5,1,63.36,0,0,1,other,0,1,0
513280,5,0,0.0,0,0,1,other,0,0,0
505013,6,0,0.0,0,0,1,other,0,0,1
505835,8,1,28.16,0,0,1,other,0,0,1
504792,2,1,45.38,0,0,1,other,0,1,0
513944,2,0,0.0,1,0,0,search_ad,0,1,1
503659,3,0,0.0,0,0,1,other,0,0,0
511028,1,0,0.0,0,0,1,other,0,1,0
500968,3,0,0.0,0,0,1,other,0,0,1
515375,5,0,0.0,0,0,1,other,0,0,0
501946,2,0,0.0,1,0,0,search_ad,0,0,0
511648,2,0,0.0,1,0,0,search_ad,0,0,0
506663,2,1,54.82,0,0,1,other,0,1,1
514663,11,0,0.0,0,0,1,other,1,0,0
500096,3,0,0.0,0,0,1,other,0,1,0
504035,7,0,0.0,1,0,0,search_ad,1,0,0
506499,2,0,0.0,0,0,1,other,1,1,0
502612,3,0,0.0,0,0,1,other,0,1,1
510465,3,0,0.0,1,0,0,search_ad,0,1,1
502819,1,0,0.0,0,0,1,other,1,0,1
509973,14,0,0.0,0,0,1,other,0,0,0
500220,4,0,0.0,1,0,0,search_ad,1,0,0
508130,5,0,0.0,0,0,1,other,0,0,0
500060,3,0,0.0,1,0,0,search_ad,0,0,0
514991,11,1,55.87,0,0,1,other,0,1,0
504190,9,0,0.0,0,0,1,other,0,0,0
502549,3,0,0.0,1,0,0,search_ad,0,0,0
515500,4,0,0.0,0,0,1,other,0,0,1
504150,1,0,0.0,0,0,1,other,0,0,0
514210,2,0,0.0,0,1,0,affiliate,1,0,0
514235,6,0,0.0,0,1,0,affiliate,0,0,1
502458,6,0,0.0,0,0,1,other,1,0,1
515186,1,0,0.0,0,0,1,other,0,0,1
512613,5,0,0.0,0,0,1,other,0,0,0
511379,3,0,0.0,0,0,1,other,0,0,0
500462,4,0,0.0,1,0,0,search_ad,0,0,1
504994,4,0,0.0,1,0,0,search_ad,0,1,1
515522,6,0,0.0,0,0,1,other,1,0,0
510000,4,0,0.0,1,0,0,search_ad,0,0,1
504460,2,0,0.0,0,0,1,other,0,0,1
513788,1,0,0.0,1,0,0,search_ad,0,0,1
513440,6,0,0.0,0,0,1,other,1,0,0
505091,5,0,0.0,0,0,1,other,1,1,0
511598,8,1,22.96,0,0,1,other,1,0,0
515625,6,1,42.09,0,0,1,other,1,0,0
504875,1,0,0.0,0,0,1,other,0,0,0
512974,4,0,0.0,1,0,0,search_ad,1,0,1
511731,6,0,0.0,0,0,1,other,0,1,1
505822,4,1,40.17,1,0,0,search_ad,1,0,1
503801,4,0,0.0,1,0,0,search_ad,1,0,0
500399,5,0,0.0,0,0,1,other,1,0,1
510382,1,1,78.59,0,0,1,other,0,1,1
514168,5,0,0.0,0,0,1,other,0,0,0
503998,5,1,25.15,0,0,1,other,0,1,1
502376,27,0,0.0,0,0,1,other,1,1,0
503338,4,0,0.0,1,0,0,search_ad,1,1,1
503102,9,0,0.0,1,0,0,search_ad,0,0,1
505639,7,0,0.0,0,0,1,other,1,0,1
503486,6,1,31.69,0,0,1,other,1,1,0
508731,2,0,0.0,0,0,1,other,0,1,1
510997,1,0,0.0,0,0,1,other,0,0,0
511051,7,0,0.0,0,0,1,other,1,0,0
512049,2,0,0.0,0,0,1,other,0,0,0
510558,1,0,0.0,1,0,0,search_ad,0,0,0
514900,3,0,0.0,1,0,0,search_ad,0,0,0
515707,5,0,0.0,1,0,0,search_ad,0,1,1
512493,9,1,74.12,0,0,1,other,1,1,0
509060,9,0,0.0,0,0,1,other,0,0,1
500331,2,0,0.0,0,0,1,other,0,0,0
501787,6,0,0.0,0,0,1,other,0,0,1
500813,8,1,18.92,0,0,1,other,0,1,1
501979,7,1,30.58,0,0,1,other,1,1,1
503117,8,1,104.67,0,0,1,other,1,1,1
501695,8,1,94.98,0,0,1,other,0,0,1
512532,3,0,0.0,0,0,1,other,1,0,0
500614,1,0,0.0,0,0,1,other,1,0,0
501283,1,0,0.0,0,0,1,other,0,1,0
507964,11,0,0.0,1,0,0,search_ad,0,1,1
508280,3,1,36.99,0,0,1,other,0,0,0
506271,12,0,0.0,0,0,1,other,1,1,1
501711,7,1,38.18,0,0,1,other,1,1,0
509364,3,1,43.87,0,0,1,other,0,1,1
505039,4,0,0.0,0,0,1,other,0,0,0
504439,9,0,0.0,1,0,0,search_ad,0,1,1
514506,3,1,35.11,0,0,1,other,0,1,1
506849,1,0,0.0,1,0,0,search_ad,1,0,0
514458,3,1,55.2,0,0,1,other,0,0,0
509225,5,0,0.0,0,0,1,other,1,0,1
504399,4,0,0.0,0,1,0,affiliate,1,0,0
504975,4,0,0.0,0,0,1,other,0,1,1
503947,1,0,0.0,1,0,0,search_ad,0,0,1
509516,9,0,0.0,0,0,1,other,0,1,0
506307,2,0,0.0,0,0,1,other,0,0,0
504085,3,0,0.0,1,0,0,search_ad,1,0,0
512015,8,0,0.0,0,0,1,other,0,0,0
505119,3,0,0.0,0,0,1,other,1,1,0
514811,3,0,0.0,0,0,1,other,0,0,0
508315,13,1,30.28,0,0,1,other,1,0,0
512295,4,0,0.0,1,0,0,search_ad,1,0,0
505126,4,0,0.0,0,0,1,other,0,0,0
514107,2,0,0.0,0,0,1,other,0,0,0
513862,2,0,0.0,1,0,0,search_ad,0,0,1
512564,1,1,23.35,0,0,1,other,0,1,1
513497,5,0,0.0,0,0,1,other,0,1,1
510840,4,1,27.6,1,0,0,search_ad,1,0,0
502030,2,0,0.0,0,0,1,other,1,1,1
506075,8,0,0.0,1,0,0,search_ad,0,1,0
514884,3,0,0.0,0,0,1,other,0,1,0
515298,3,0,0.0,1,0,0,search_ad,0,1,1
511842,2,0,0.0,1,0,0,search_ad,1,0,0
504329,10,1,145.65,1,0,0,search_ad,1,1,0
501577,2,0,0.0,0,0,1,other,1,0,1
500336,9,0,0.0,0,0,1,other,0,0,0
512565,1,0,0.0,1,0,0,search_ad,0,0,0
505757,2,0,0.0,0,0,1,other,0,1,0
506102,3,0,0.0,0,0,1,other,0,0,0
503019,6,0,0.0,0,0,1,other,0,0,0
502693,8,1,46.35,0,0,1,other,1,0,0
513166,3,1,36.69,0,0,1,other,0,1,1
503981,1,0,0.0,1,0,0,search_ad,1,1,0
515438,3,0,0.0,1,0,0,search_ad,0,1,0
515437,3,1,59.17,0,0,1,other,0,1,1
508837,2,0,0.0,0,0,1,other,0,1,0
509064,3,0,0.0,0,0,1,other,0,0,0
510576,1,0,0.0,0,0,1,other,1,0,0
504863,17,0,0.0,0,0,1,other,1,0,0
503939,9,0,0.0,0,0,1,other,0,0,0
508286,8,0,0.0,0,0,1,other,0,0,0
515665,8,0,0.0,0,0,1,other,1,0,1
505050,2,0,0.0,1,0,0,search_ad,0,0,1
509266,7,0,0.0,0,0,1,other,0,0,1
502665,7,1,38.38,0,0,1,other,0,0,0
500093,5,1,28.03,0,0,1,other,0,0,0
508486,2,0,0.0,1,0,0,search_ad,0,0,0
511604,7,0,0.0,1,0,0,search_ad,0,1,1
501732,3,0,0.0,0,0,1,other,1,0,1
502623,1,0,0.0,0,0,1,other,0,0,0
510204,1,0,0.0,0,0,1,other,0,0,0
504490,8,0,0.0,0,0,1,other,1,0,0
515425,5,0,0.0,0,0,1,other,0,0,1
509857,3,1,30.56,0,0,1,other,0,1,0
508769,2,0,0.0,1,0,0,search_ad,0,1,0
502319,5,0,0.0,0,0,1,other,0,1,0
503669,2,0,0.0,0,0,1,other,0,0,0
505806,1,0,0.0,0,0,1,other,1,0,0
513879,3,0,0.0,0,0,1,other,0,0,0
505810,7,0,0.0,0,0,1,other,1,1,0
501167,4,0,0.0,0,0,1,other,0,0,1
501452,1,0,0.0,1,0,0,search_ad,0,1,0
507641,14,1,35.83,0,0,1,other,0,0,1
503468,6,0,0.0,0,0,1,other,0,1,1
502967,11,0,0.0,0,0,1,other,0,0,0
511725,2,0,0.0,1,0,0,search_ad,0,1,1
511675,3,0,0.0,1,0,0,search_ad,1,0,0
508294,3,0,0.0,0,0,1,other,1,1,0
512715,6,0,0.0,0,0,1,other,1,0,1
506046,7,0,0.0,1,0,0,search_ad,1,0,0
515149,8,0,0.0,0,0,1,other,1,0,1
510650,2,0,0.0,1,0,0,search_ad,0,1,0
507306,3,0,0.0,0,0,1,other,1,0,1
502534,7,0,0.0,0,0,1,other,0,1,0
505853,11,0,0.0,0,0,1,other,1,0,0
510775,3,0,0.0,0,0,1,other,1,0,1
501944,4,0,0.0,1,0,0,search_ad,0,0,0
515821,5,0,0.0,0,0,1,other,0,0,0
504562,12,0,0.0,1,0,0,search_ad,0,0,1
514903,2,0,0.0,0,0,1,other,1,0,1
507043,8,0,0.0,0,0,1,other,0,1,1
511657,1,0,0.0,1,0,0,search_ad,0,0,1
501348,3,0,0.0,1,0,0,search_ad,0,1,0
510193,6,1,88.06,0,0,1,other,1,0,1
500317,3,1,47.8,0,0,1,other,0,1,0
505641,12,0,0.0,0,0,1,other,1,1,0
504610,2,1,53.65,0,0,1,other,0,0,0
508920,4,0,0.0,0,0,1,other,0,1,1
501209,3,0,0.0,0,0,1,other,0,0,0
506324,1,1,59.12,0,0,1,other,0,0,1
500425,2,1,23.42,1,0,0,search_ad,0,1,0
500555,2,0,0.0,0,0,1,other,0,1,0
502993,11,1,50.46,0,0,1,other,0,0,1
501955,9,0,0.0,0,0,1,other,1,0,0
512506,8,0,0.0,0,0,1,other,0,0,1
513252,2,0,0.0,0,0,1,other,0,0,0
501512,4,1,92.62,1,0,0,search_ad,1,1,1
509232,2,0,0.0,1,0,0,search_ad,0,0,1
505051,4,0,0.0,1,0,0,search_ad,0,0,1
509491,2,0,0.0,0,0,1,other,0,0,1
512566,5,0,0.0,1,0,0,search_ad,0,1,1
505848,3,1,19.81,0,0,1,other,0,1,1
515336,2,0,0.0,1,0,0,search_ad,0,1,0
509333,2,0,0.0,0,0,1,other,0,0,1
501514,5,0,0.0,0,0,1,other,0,1,0
505636,4,0,0.0,0,0,1,other,0,0,1
512060,3,1,29.98,0,0,1,other,1,1,1
507370,5,0,0.0,0,0,1,other,0,0,0
502597,11,0,0.0,0,0,1,other,0,0,1
506558,4,1,42.1,0,0,1,other,0,0,0
508210,3,0,0.0,1,0,0,search_ad,0,0,0
500574,2,0,0.0,1,0,0,search_ad,0,1,1
512307,2,0,0.0,0,0,1,other,0,0,0
508903,9,0,0.0,0,0,1,other,0,1,0
506500,6,1,64.58,0,0,1,other,0,0,1
514984,5,0,0.0,0,0,1,other,0,1,1
514965,4,0,0.0,0,0,1,other,0,1,0
504464,16,1,29.28,0,0,1,other,1,0,1
512531,3,0,0.0,0,0,1,other,0,1,0
506833,5,0,0.0,0,0,1,other,0,0,1
513215,16,0,0.0,0,0,1,other,1,0,1
509779,1,0,0.0,0,0,1,other,0,0,0
509964,1,1,62.13,0,0,1,other,1,0,0
501584,5,0,0.0,1,0,0,search_ad,1,1,1
503308,12,0,0.0,0,0,1,other,1,1,1
500069,3,0,0.0,1,0,0,search_ad,0,0,1
508560,9,1,59.36,0,0,1,other,1,0,1
506346,1,0,0.0,0,0,1,other,0,0,1
509355,5,0,0.0,0,0,1,other,0,0,0
509369,7,0,0.0,1,0,0,search_ad,0,1,0
512584,10,0,0.0,0,0,1,other,1,1,1
504203,12,0,0.0,0,1,0,affiliate,0,1,0
507741,4,1,56.37,1,0,0,search_ad,1,0,0
509265,9,0,0.0,0,0,1,other,0,0,1
514427,4,0,0.0,0,0,1,other,1,0,0
502456,6,0,0.0,0,0,1,other,0,0,0
503478,2,1,43.36,0,0,1,other,0,1,0
501596,1,0,0.0,0,0,1,other,0,0,0
504253,2,1,22.92,0,1,0,affiliate,1,0,1
514003,5,0,0.0,0,0,1,other,0,0,1
505763,3,1,40.19,0,0,1,other,0,1,0
515560,4,1,98.33,0,0,1,other,1,0,1
513686,9,0,0.0,0,0,1,other,1,0,1
515408,1,0,0.0,1,0,0,search_ad,0,0,0
514174,2,0,0.0,0,0,1,other,0,0,0
500246,5,1,16.99,0,0,1,other,0,1,0
503018,2,0,0.0,1,0,0,search_ad,0,0,0
515182,2,0,0.0,1,0,0,search_ad,0,0,1
506001,12,1,67.44,0,0,1,other,1,0,0
515986,4,0,0.0,1,0,0,search_ad,1,0,1
515812,1,0,0.0,0,0,1,other,0,0,1
507880,2,0,0.0,0,1,0,affiliate,1,0,0
515377,4,0,0.0,0,0,1,other,0,0,1
505082,9,0,0.0,0,1,0,affiliate,1,1,0
515554,6,0,0.0,0,0,1,other,0,1,0
512293,2,0,0.0,0,0,1,other,0,1,0
504864,12,0,0.0,0,0,1,other,0,1,0
514221,5,0,0.0,0,0,1,other,0,0,0
500674,5,0,0.0,0,0,1,other,0,1,0
510516,6,0,0.0,0,0,1,other,1,0,0
510356,13,0,0.0,1,0,0,search_ad,0,0,1
515068,5,0,0.0,0,0,1,other,0,1,1
508458,16,0,0.0,1,0,0,search_ad,1,1,1
512609,9,0,0.0,0,0,1,other,0,0,1
515210,6,0,0.0,1,0,0,search_ad,0,1,0
504120,8,0,0.0,0,0,1,other,1,0,1
503025,20,1,112.49,0,0,1,other,1,1,1
513389,2,1,54.97,0,0,1,other,1,1,1
504078,3,0,0.0,0,0,1,other,0,1,0
510022,4,1,20.93,0,0,1,other,0,0,0
514489,3,0,0.0,0,0,1,other,0,0,1
504330,5,0,0.0,1,0,0,search_ad,1,1,1
502426,1,0,0.0,0,0,1,other,0,1,0
513411,4,1,54.52,0,0,1,other,1,0,1
513346,6,0,0.0,1,0,0,search_ad,0,0,1
512723,7,0,0.0,0,0,1,other,0,0,1
511243,14,0,0.0,0,0,1,other,1,1,0
511832,1,0,0.0,1,0,0,search_ad,0,0,0
506166,5,0,0.0,0,0,1,other,1,0,0
512636,5,0,0.0,1,0,0,search_ad,1,0,0
512108,2,0,0.0,0,0,1,other,0,0,0
515786,8,0,0.0,0,0,1,other,0,1,1
508361,5,0,0.0,0,0,1,other,0,1,1
506175,4,0,0.0,1,0,0,search_ad,0,0,1
505432,2,0,0.0,1,0,0,search_ad,0,1,1
503593,11,0,0.0,0,0,1,other,0,0,0
514215,2,0,0.0,0,0,1,other,0,0,0
505693,2,1,60.21,0,0,1,other,0,0,0
515557,1,0,0.0,0,0,1,other,0,0,1
502518,10,0,0.0,0,0,1,other,1,1,1
507592,7,0,0.0,0,0,1,other,1,1,0
512704,2,1,37.43,0,1,0,affiliate,0,0,1
510165,4,0,0.0,0,0,1,other,0,0,0
502037,2,0,0.0,0,0,1,other,0,1,0
503066,5,0,0.0,0,0,1,other,0,0,1
512695,2,0,0.0,1,0,0,search_ad,1,1,1
506648,4,1,24.76,0,0,1,other,0,0,1
511663,19,0,0.0,0,0,1,other,0,1,1
513115,10,0,0.0,1,0,0,search_ad,1,0,0
511294,4,0,0.0,1,0,0,search_ad,0,0,1
515240,3,0,0.0,0,0,1,other,0,0,1
505041,2,0,0.0,0,0,1,other,1,0,0
501428,3,0,0.0,1,0,0,search_ad,0,0,1
504337,14,0,0.0,0,0,1,other,1,0,0
508687,3,1,84.68,0,0,1,other,1,0,1
501042,3,0,0.0,1,0,0,search_ad,0,0,0
509074,9,1,35.05,0,0,1,other,0,1,0
506730,6,1,66.37,0,0,1,other,1,1,0
515932,2,0,0.0,1,0,0,search_ad,0,0,0
501414,4,0,0.0,1,0,0,search_ad,1,0,0
500115,5,0,0.0,0,0,1,other,0,0,0
508893,4,0,0.0,0,0,1,other,1,0,0
505351,2,0,0.0,1,0,0,search_ad,0,1,1
504581,3,0,0.0,1,0,0,search_ad,1,0,0
511724,14,0,0.0,0,0,1,other,1,0,0
500231,4,1,50.4,0,0,1,other,1,0,1
512243,4,0,0.0,0,0,1,other,0,1,0
505654,2,0,0.0,0,0,1,other,0,0,0
511134,1,0,0.0,1,0,0,search_ad,1,0,0
502747,6,0,0.0,0,0,1,other,0,0,0
510927,6,0,0.0,0,1,0,affiliate,1,1,0
505334,6,0,0.0,0,0,1,other,0,1,0
501521,15,0,0.0,0,0,1,other,1,0,1
514269,4,0,0.0,0,0,1,other,0,1,1
514323,9,0,0.0,0,0,1,other,1,0,1
500215,2,0,0.0,0,0,1,other,0,0,0
511378,5,0,0.0,0,0,1,other,0,1,0
503820,3,0,0.0,1,0,0,search_ad,1,1,1
515072,6,0,0.0,0,0,1,other,0,1,1
503681,2,0,0.0,1,0,0,search_ad,0,0,1
513228,12,1,41.96,0,0,1,other,1,0,0
508271,6,0,0.0,0,0,1,other,1,1,0
507503,2,0,0.0,0,0,1,other,1,0,0
506940,6,0,0.0,0,0,1,other,1,0,1
513059,8,1,34.54,0,0,1,other,1,0,1
502488,8,0,0.0,0,0,1,other,1,1,1
508699,12,0,0.0,0,0,1,other,0,1,1
511347,2,0,0.0,0,0,1,other,0,0,0
511319,3,0,0.0,0,0,1,other,0,1,0
503315,13,0,0.0,0,0,1,other,1,1,0
510795,3,0,0.0,1,0,0,search_ad,0,1,1
503249,3,0,0.0,0,0,1,other,0,0,1
506832,2,0,0.0,0,0,1,other,0,0,0
502183,4,0,0.0,0,0,1,other,0,0,0
504339,4,0,0.0,1,0,0,search_ad,0,0,1
510827,2,0,0.0,0,0,1,other,1,1,0
512674,3,0,0.0,0,0,1,other,0,1,0
509677,3,0,0.0,0,0,1,other,0,0,0
504116,4,1,65.53,0,0,1,other,0,0,1
506913,3,0,0.0,1,0,0,search_ad,1,0,1
514015,9,0,0.0,1,0,0,search_ad,1,0,1
510676,1,1,57.68,0,0,1,other,1,0,1
508954,7,1,87.5,0,0,1,other,1,0,0
508179,16,1,54.35,0,0,1,other,1,0,0
503116,5,0,0.0,0,0,1,other,0,0,1
505624,11,1,53.38,0,0,1,other,1,1,1
507513,7,0,0.0,0,0,1,other,0,0,0
511570,4,0,0.0,0,0,1,other,0,0,1
509387,2,0,0.0,0,0,1,other,0,0,0
509005,1,0,0.0,1,0,0,search_ad,0,0,0
510687,6,0,0.0,0,0,1,other,1,1,0
505827,8,0,0.0,1,0,0,search_ad,0,0,1
510951,6,0,0.0,0,0,1,other,0,0,1
512265,5,0,0.0,0,0,1,other,0,0,0
515524,1,1,41.4,0,0,1,other,1,0,1
501499,5,0,0.0,0,0,1,other,0,0,0
507459,2,0,0.0,0,0,1,other,1,0,1
513969,2,0,0.0,1,0,0,search_ad,0,0,1
510172,11,0,0.0,0,0,1,other,0,1,0
504823,3,0,0.0,0,0,1,other,0,1,0
511787,5,1,94.9,0,0,1,other,0,0,1
504547,8,1,73.62,0,0,1,other,1,1,0
505682,2,0,0.0,1,0,0,search_ad,0,1,0
514109,8,0,0.0,0,0,1,other,0,1,1
511677,9,0,0.0,0,1,0,affiliate,0,0,1
514860,2,0,0.0,0,0,1,other,0,1,1
505660,15,0,0.0,0,0,1,other,1,1,1
502056,3,0,0.0,0,0,1,other,0,0,1
512241,2,0,0.0,1,0,0,search_ad,0,1,1
502059,2,1,26.73,0,0,1,other,1,0,0
508540,5,1,50.24,0,0,1,other,1,0,0
507135,3,0,0.0,0,0,1,other,1,0,0
509188,3,0,0.0,0,0,1,other,1,0,0
508424,6,0,0.0,0,0,1,other,0,0,1
515058,3,0,0.0,0,1,0,affiliate,1,1,1
506180,7,0,0.0,0,0,1,other,1,0,0
511849,11,1,53.3,0,0,1,other,1,1,0
511713,9,0,0.0,0,0,1,other,1,0,1
512619,5,1,32.9,1,0,0,search_ad,0,0,0
504058,2,0,0.0,0,0,1,other,1,1,0
500484,2,1,22.88,0,0,1,other,1,0,1
506144,16,0,0.0,0,0,1,other,0,1,1
505698,2,0,0.0,1,0,0,search_ad,1,1,1
515074,3,0,0.0,0,0,1,other,0,0,1
503695,8,0,0.0,0,0,1,other,1,1,1
507403,13,0,0.0,0,0,1,other,1,0,1
509931,1,1,47.08,0,0,1,other,1,0,0
511410,5,0,0.0,0,0,1,other,0,0,0
515369,5,0,0.0,1,0,0,search_ad,1,0,0
503781,5,0,0.0,0,0,1,other,1,0,0
511864,1,0,0.0,1,0,0,search_ad,0,0,0
505408,4,0,0.0,0,0,1,other,0,0,0
502985,2,0,0.0,0,0,1,other,0,0,0
508987,2,0,0.0,0,0,1,other,0,0,1
512489,3,0,0.0,1,0,0,search_ad,1,0,0
512781,2,1,168.81,1,0,0,search_ad,1,0,1
503080,6,0,0.0,0,0,1,other,0,1,1
503324,1,0,0.0,0,0,1,other,0,1,0
502047,1,0,0.0,0,0,1,other,1,0,0
506211,4,0,0.0,0,0,1,other,0,0,0
512656,4,0,0.0,1,0,0,search_ad,0,0,1
507496,3,0,0.0,0,0,1,other,1,0,1
505590,3,0,0.0,0,0,1,other,0,0,0
507794,6,0,0.0,0,0,1,other,1,0,1
512435,8,0,0.0,0,0,1,other,0,0,0
514514,2,0,0.0,1,0,0,search_ad,0,0,1
502348,17,1,31.22,0,0,1,other,1,0,0
515238,5,0,0.0,0,0,1,other,0,0,1
514064,3,0,0.0,0,0,1,other,0,1,1
511837,9,0,0.0,0,0,1,other,1,0,1
507937,6,0,0.0,0,0,1,other,0,0,1
509783,4,0,0.0,1,0,0,search_ad,0,0,1
505023,11,0,0.0,0,0,1,other,0,0,0
509459,8,0,0.0,0,0,1,other,0,0,1
514375,7,0,0.0,0,0,1,other,1,0,1
515927,1,0,0.0,0,0,1,other,0,0,0
515810,3,0,0.0,1,0,0,search_ad,0,1,1
501415,7,0,0.0,1,0,0,search_ad,1,0,0
505400,6,0,0.0,0,0,1,other,0,0,1
500500,15,0,0.0,0,0,1,other,0,0,1
500669,9,0,0.0,0,0,1,other,0,0,1
512320,4,0,0.0,1,0,0,search_ad,1,0,1
510851,1,0,0.0,0,0,1,other,0,0,0
503034,2,0,0.0,0,0,1,other,0,0,1
513941,7,0,0.0,0,0,1,other,0,0,0
513265,14,0,0.0,0,0,1,other,0,0,0
513278,10,0,0.0,0,0,1,other,0,0,1
510846,3,0,0.0,0,0,1,other,0,0,0
502486,5,0,0.0,1,0,0,search_ad,1,1,0
507229,5,1,59.49,0,0,1,other,1,1,0
512148,4,1,50.26,0,0,1,other,0,0,0
503775,2,0,0.0,0,0,1,other,1,0,0
500304,6,0,0.0,0,0,1,other,0,1,0
504027,13,0,0.0,0,0,1,other,0,0,0
505442,1,0,0.0,0,0,1,other,1,0,1
506385,1,0,0.0,0,0,1,other,0,0,0
501704,5,0,0.0,0,0,1,other,1,0,0
509636,5,0,0.0,0,0,1,other,0,0,1
512958,1,1,68.41,0,0,1,other,1,1,0
503835,3,0,0.0,1,0,0,search_ad,0,1,0
507384,7,0,0.0,0,0,1,other,0,1,1
514141,7,0,0.0,0,0,1,other,1,0,0
512540,8,0,0.0,0,0,1,other,0,0,1
513161,1,0,0.0,0,0,1,other,1,0,0
508345,14,1,26.34,0,0,1,other,1,0,0
501043,4,0,0.0,0,0,1,other,0,0,1
509685,2,1,53.33,0,0,1,other,0,1,1
504402,10,0,0.0,0,0,1,other,1,0,1
502925,2,0,0.0,1,0,0,search_ad,0,0,1
503207,7,1,50.32,0,0,1,other,0,1,1
512368,12,0,0.0,0,0,1,other,1,1,1
505702,1,0,0.0,1,0,0,search_ad,1,0,0
515230,1,0,0.0,1,0,0,search_ad,0,0,0
505933,1,0,0.0,0,0,1,other,0,0,1
511934,4,0,0.0,0,0,1,other,0,1,0
505478,1,0,0.0,1,0,0,search_ad,0,0,0
515928,13,1,56.17,0,0,1,other,1,0,0
514664,4,0,0.0,0,0,1,other,0,1,1
511076,7,1,36.28,0,1,0,affiliate,0,0,1
509955,1,0,0.0,1,0,0,search_ad,0,0,0
501951,4,0,0.0,0,0,1,other,0,0,0
500734,2,0,0.0,1,0,0,search_ad,1,0,0
513962,1,0,0.0,1,0,0,search_ad,0,0,0
502700,5,1,21.65,0,0,1,other,0,1,0
509322,12,0,0.0,0,0,1,other,1,0,0
511966,6,1,32.87,0,0,1,other,1,1,0
508072,4,0,0.0,0,0,1,other,0,0,1
501069,7,0,0.0,0,0,1,other,1,0,1
503661,5,1,52.22,0,0,1,other,0,0,1
515924,3,1,42.69,0,0,1,other,1,0,0
504105,6,0,0.0,0,0,1,other,0,0,1
503144,2,0,0.0,0,0,1,other,0,1,1
502471,4,0,0.0,1,0,0,search_ad,1,1,0
512391,1,0,0.0,0,0,1,other,0,1,0
515256,7,1,33.65,1,0,0,search_ad,0,1,0
513782,10,0,0.0,0,0,1,other,0,0,1
510523,3,0,0.0,0,0,1,other,1,0,1
500554,3,0,0.0,0,0,1,other,0,0,0
508919,2,1,77.36,0,0,1,other,0,1,1
500158,2,0,0.0,1,0,0,search_ad,0,0,0
513817,4,0,0.0,1,0,0,search_ad,1,1,0
506504,2,1,51.14,0,0,1,other,0,0,1
512377,5,1,55.6,0,0,1,other,0,0,0
502767,4,0,0.0,1,0,0,search_ad,0,1,0
509702,4,0,0.0,0,0,1,other,0,0,0
509954,19,0,0.0,0,0,1,other,1,1,1
503039,3,1,50.1,0,0,1,other,0,1,0
506007,2,1,28.39,0,0,1,other,0,1,0
506696,7,0,0.0,0,0,1,other,1,1,0
507657,7,0,0.0,0,0,1,other,0,0,0
515363,2,1,39.59,1,0,0,search_ad,0,1,1
507198,5,0,0.0,0,0,1,other,0,1,1
500583,2,0,0.0,0,0,1,other,0,1,0
515331,9,1,47.36,0,0,1,other,1,1,1
512301,5,0,0.0,0,1,0,affiliate,1,1,0
503922,3,0,0.0,0,0,1,other,0,0,1
515086,4,0,0.0,0,0,1,other,0,1,0
510032,3,0,0.0,1,0,0,search_ad,0,0,1
512452,4,0,0.0,0,0,1,other,1,0,0
504375,12,1,76.18,0,0,1,other,1,1,1
505891,6,1,48.4,0,0,1,other,1,1,0
513470,3,0,0.0,0,0,1,other,0,0,0
500421,17,0,0.0,0,0,1,other,1,0,1
505072,3,0,0.0,0,0,1,other,0,0,0
504640,6,1,39.78,0,0,1,other,1,1,1
502996,3,0,0.0,0,0,1,other,0,1,0
505509,11,1,46.21,0,0,1,other,1,0,1
501497,3,0,0.0,0,0,1,other,0,0,1
501048,15,0,0.0,1,0,0,search_ad,1,1,0
512421,1,0,0.0,1,0,0,search_ad,1,0,0
509315,5,0,0.0,0,0,1,other,0,1,1
500857,4,0,0.0,0,0,1,other,0,1,1
510498,6,1,43.01,0,0,1,other,0,1,0
507458,1,0,0.0,0,0,1,other,1,0,0
512334,28,0,0.0,0,0,1,other,0,1,0
500181,10,0,0.0,1,0,0,search_ad,0,0,1
506536,7,0,0.0,0,0,1,other,0,0,0
512256,6,0,0.0,0,0,1,other,0,0,1
509297,5,1,41.19,0,0,1,other,0,1,1
514543,3,0,0.0,0,0,1,other,0,0,0
513909,7,0,0.0,1,0,0,search_ad,0,1,1
510514,2,0,0.0,1,0,0,search_ad,0,1,1
515914,8,0,0.0,0,0,1,other,1,0,0
515026,2,0,0.0,0,0,1,other,0,1,1
503658,1,0,0.0,1,0,0,search_ad,0,0,0
508569,1,0,0.0,0,0,1,other,0,1,0
503188,5,1,84.73,0,0,1,other,1,1,0
508936,5,1,47.48,1,0,0,search_ad,0,0,0
514202,2,0,0.0,0,0,1,other,1,0,0
508296,3,0,0.0,1,0,0,search_ad,0,0,1
500821,5,0,0.0,1,0,0,search_ad,1,0,0
501644,12,0,0.0,0,0,1,other,0,1,0
515277,1,0,0.0,0,0,1,other,1,1,0
513526,14,1,26.39,0,0,1,other,0,1,0
502632,3,1,122.78,1,0,0,search_ad,1,1,1
500108,1,0,0.0,0,0,1,other,0,1,1
503718,4,0,0.0,0,0,1,other,0,1,0
511038,3,0,0.0,1,0,0,search_ad,1,1,0
500368,5,0,0.0,1,0,0,search_ad,1,1,1
504867,2,0,0.0,0,0,1,other,0,0,0
500417,9,1,61.26,0,0,1,other,1,1,0
502421,5,0,0.0,0,0,1,other,0,0,0
500730,4,0,0.0,1,0,0,search_ad,0,0,1
505181,5,1,51.52,1,0,0,search_ad,0,1,1
508991,4,1,48.08,0,0,1,other,0,0,1
507048,7,1,58.76,1,0,0,search_ad,1,0,1
511554,4,0,0.0,1,0,0,search_ad,0,0,0
513778,2,0,0.0,0,0,1,other,0,0,0
515573,2,0,0.0,0,1,0,affiliate,0,0,0
506587,13,0,0.0,0,0,1,other,0,0,1
507069,4,0,0.0,1,0,0,search_ad,0,0,0
502389,5,1,23.45,0,0,1,other,1,0,0
510856,1,0,0.0,0,0,1,other,0,1,0
515870,4,0,0.0,1,0,0,search_ad,0,1,1
507966,2,0,0.0,0,0,1,other,0,0,0
509028,2,0,0.0,1,0,0,search_ad,0,0,1
506915,8,0,0.0,0,0,1,other,0,0,1
505035,2,0,0.0,1,0,0,search_ad,0,1,1
500511,5,0,0.0,0,0,1,other,0,0,1
500701,4,1,42.99,0,0,1,other,1,0,0
504376,5,0,0.0,1,0,0,search_ad,0,0,0
510512,3,0,0.0,0,0,1,other,1,1,0
514660,2,0,0.0,0,0,1,other,1,0,0
512071,3,0,0.0,0,0,1,other,0,0,0
503470,5,1,25.97,1,0,0,search_ad,1,1,1
502629,3,0,0.0,0,0,1,other,0,0,1
511312,13,0,0.0,0,0,1,other,1,1,1
501278,8,0,0.0,0,0,1,other,1,0,1
505971,1,0,0.0,1,0,0,search_ad,0,0,0
502031,6,0,0.0,0,0,1,other,0,1,1
513703,1,0,0.0,0,0,1,other,0,0,1
500040,8,0,0.0,0,0,1,other,0,0,0
501892,5,0,0.0,0,0,1,other,0,1,1
505228,14,1,72.97,0,0,1,other,1,0,0
504016,4,0,0.0,0,0,1,other,1,1,1
511301,12,0,0.0,0,0,1,other,0,0,1
504281,1,0,0.0,1,0,0,search_ad,0,0,0
